symbol,date,open,high,low,close,volume
ABAN,2025-09-02,,870.0,840.0,844.75,1183
ABAN,2025-09-03,,869.0,840.5,851.25,1211
ABAN,2025-09-04,,869.0,845.0,846.5,3827
ABAN,2025-09-08,,870.0,845.0,851.5,1930
ABAN,2025-09-09,,865.0,825.5,835.75,6213
ABAN,2025-09-10,,899.0,825.0,872.0,4450
ABAN,2025-09-11,,889.75,861.0,861.0,2241
ABAN,2025-09-12,,880.0,840.0,870.0,3586
ABAN,2025-09-15,,874.5,837.0,852.75,2879
ABAN,2025-09-16,,875.0,850.0,861.75,3425
ABAN,2025-09-17,,999.0,865.0,972.0,12510
ABAN,2025-09-18,,1100.0,950.0,1080.5,29075
ABAN,2025-09-19,,1098.5,1004.0,1051.75,6783
ABAN,2025-09-22,,1050.0,1004.25,1015.75,3382
ABAN,2025-09-23,,1045.0,1017.0,1036.25,3337
ABAN,2025-09-24,,1044.0,1017.0,1017.0,1947
ABAN,2025-09-25,,1027.0,1002.25,1011.25,1794
ABAN,2025-09-26,,1022.0,1010.0,1020.0,9796
ABAN,2025-09-29,,1048.0,1010.25,1040.0,13174
ABAN,2025-09-30,,1200.0,1050.0,1162.0,10244
ABAN,2025-10-01,,1199.25,1150.0,1156.25,7675
ABAN,2025-10-02,,1171.0,1140.0,1161.0,2748
ABAN,2025-10-03,,1200.0,1140.25,1166.75,3167
ABAN,2025-10-07,,1199.0,1161.25,1193.5,7396
ABAN,2025-10-08,,1198.0,1120.25,1159.25,4470
ABAN,2025-10-09,,1195.0,1180.0,1182.5,1534
ABAN,2025-10-10,,1299.75,1185.0,1284.0,3979
ABAN,2025-10-13,,1425.0,1284.0,1409.25,4800
ABAN,2025-10-14,,1424.0,1356.0,1388.75,736
ABAN,2025-10-15,,1398.75,1366.0,1387.5,1699
ABAN,2025-10-16,,1400.0,1351.0,1372.75,478
ABAN,2025-10-17,,1390.0,1350.0,1350.25,1194
ABAN,2025-10-21,,1345.0,1301.25,1324.25,1910
ABAN,2025-10-22,,1552.0,1305.5,1419.0,6561
ABAN,2025-10-23,,1520.0,1400.0,1491.0,7508
ABAN,2025-10-24,,1600.0,1500.0,1561.25,5970
ABAN,2025-10-27,,1600.0,1551.0,1561.0,2052
ABAN,2025-10-28,,1590.0,1530.0,1533.5,5545
ABAN,2025-10-29,,1600.0,1533.25,1594.25,1976
ABAN,2025-10-30,,1600.0,1561.0,1589.75,1631
ABAN,2025-10-31,,1625.0,1541.0,1564.75,2734
ABAN,2025-11-03,,1600.0,1550.75,1560.75,1102
ABAN,2025-11-04,,1580.0,1541.0,1551.5,962
ABAN,2025-11-06,,1579.75,1400.0,1485.0,4130
ABAN,2025-11-07,,1500.0,1300.0,1497.25,2647
ABAN,2025-11-10,,1510.0,1420.0,1443.75,4244
ABAN,2025-11-11,,1547.75,1450.0,1495.25,1755
ABAN,2025-11-12,,1544.75,1500.0,1525.25,563
ABAN,2025-11-13,,1546.0,1471.25,1493.25,865
ABAN,2025-11-14,,1420.0,1390.0,1400.0,3865
ABAN,2025-11-17,,1401.0,1300.0,1338.75,1147
ABAN,2025-11-18,,1350.0,1300.0,1308.5,2780
ABAN,2025-11-19,,1350.0,1312.0,1328.25,267
ABAN,2025-11-20,,1345.0,1313.0,1322.75,121
ABAN,2025-11-21,,1340.0,1300.0,1302.75,1263
ABAN,2025-11-24,,1340.0,1200.0,1212.0,1733
ABAN,2025-11-25,,1248.75,1218.0,1224.5,2125
ABAN,2025-11-26,,1300.0,1230.0,1243.75,1905
ABAN,2025-11-27,,1299.0,1200.0,1215.25,2335
ABAN,2025-11-28,,1325.0,1190.0,1244.0,820
ABAN,2025-12-01,,1295.5,1180.0,1214.25,859
ABAN,2025-12-02,,1297.0,1201.5,1279.75,5845
ABAN,2025-12-03,,1295.0,1230.0,1233.25,2754
ABAN,2025-12-05,,1290.0,1196.0,1200.25,1348
ABAN,2025-12-08,,1297.75,1190.0,1195.0,992
ABAN,2025-12-09,,1250.0,1099.75,1118.25,10120
ABAN,2025-12-10,,1260.0,1156.5,1201.75,1629
ABAN,2025-12-11,,1249.0,1165.0,1180.25,1467
ABAN,2025-12-12,,1233.5,1190.0,1198.75,1020
ABAN,2025-12-15,,1259.0,1200.0,1203.5,1066
ABAN,2025-12-16,,1235.0,1203.5,1222.75,152
ABAN,2025-12-17,,1235.0,1211.25,1212.25,174
ABAN,2025-12-18,,1229.75,1212.25,1217.75,317
ABAN,2025-12-19,,1217.75,1200.0,1202.0,877
ABAN,2025-12-22,,1220.0,1180.0,1185.5,514
ABAN,2025-12-23,,1200.0,1150.0,1159.5,1611
ABAN,2025-12-24,,1180.0,1155.0,1177.0,306
ABAN,2025-12-26,,1190.0,1170.0,1185.75,486
ABAN,2025-12-29,,1275.0,1190.0,1211.25,795
ABAN,2025-12-30,,1240.0,1200.0,1201.5,501
ABAN,2025-12-31,,1255.0,1202.0,1247.25,813
ABAN,2026-01-02,,1550.0,1245.0,1393.0,7959
ABAN,2026-01-05,,1420.0,1390.0,1400.0,10714
ABAN,2026-01-06,,1448.25,1380.0,1396.5,304
ABAN,2026-01-08,,1410.0,1370.0,1373.25,578
ABAN,2026-01-09,,1403.0,1370.0,1374.0,7632
ABAN,2026-01-12,,1398.75,1350.0,1351.25,425
ABAN,2026-01-13,,1372.25,1300.0,1335.0,211
ABAN,2026-01-14,,1370.0,1346.0,1353.75,772
ABAN,2026-01-16,,1370.0,1337.75,1345.25,392
ABAN,2026-01-19,,1348.75,1312.0,1336.0,157
ABAN,2026-01-20,,1340.0,1316.0,1328.75,433
ABAN,2026-01-21,,1342.75,1315.0,1329.5,484
ABAN,2026-01-22,,1338.75,1300.0,1300.75,3803
ABAN,2026-01-23,,1336.5,1300.0,1300.75,1112
ABAN,2026-01-26,,1309.0,1290.0,1297.0,356
ABAN,2026-01-27,,1309.0,1280.0,1280.25,548
ABAN,2026-01-28,,1290.0,1270.0,1279.5,182
ABAN,2026-01-29,,1285.0,1230.0,1237.5,334
ABAN,2026-01-30,,1285.0,1245.25,1256.25,174
ABAN,2026-02-02,,1256.25,1230.0,1241.0,440
ABAN,2026-02-03,,1250.0,1200.0,1205.0,320
ABAN,2026-02-05,,1320.0,1250.0,1299.25,1275
ABAN,2026-02-06,,1309.75,1286.0,1300.75,496
ABAN,2026-02-09,,1300.0,1225.0,1259.75,515
ABAN,2026-02-10,,1299.75,1227.0,1296.75,765
ABAN,2026-02-11,,1270.0,1225.0,1232.75,997
ABAN,2026-02-12,,1290.0,1210.0,1283.5,1605
ABAN,2026-02-13,,1278.0,1200.0,1210.25,1301
ABAN,2026-02-16,,1270.0,1240.0,1254.0,440
ABAN,2026-02-17,,1254.0,1216.0,1250.0,798
ABAN,2026-02-18,,1254.0,1235.0,1250.0,51
ABAN,2026-02-19,,1252.25,1231.0,1232.0,615
ABAN,2026-02-20,,1249.0,1200.0,1207.25,385
ABAN,2026-02-23,,1243.0,1200.0,1239.5,642
ABAN,2026-02-24,,1243.0,1212.0,1212.25,389
ABAN,2026-02-25,,1242.5,1212.0,1231.75,249
ABAN,2026-02-26,,1231.75,1200.0,1213.0,730
ABAN,2026-02-27,,1231.75,1198.0,1204.5,228
ACL,2025-09-02,,190.75,186.0,187.0,212678
ACL,2025-09-03,,188.0,185.0,185.75,185790
ACL,2025-09-04,,189.75,185.5,188.75,130397
ACL,2025-09-08,,188.0,184.75,185.5,370831
ACL,2025-09-09,,188.75,182.5,185.75,669691
ACL,2025-09-10,,188.75,183.0,186.75,125498
ACL,2025-09-11,,189.0,186.0,187.5,507912
ACL,2025-09-12,,188.0,183.5,186.25,39899
ACL,2025-09-15,,187.75,180.0,183.75,55266
ACL,2025-09-16,,189.75,180.0,187.25,138632
ACL,2025-09-17,,193.25,189.0,190.25,117927
ACL,2025-09-18,,198.0,190.25,197.25,438726
ACL,2025-09-19,,200.0,195.0,199.75,282512
ACL,2025-09-22,,204.0,199.75,202.0,713082
ACL,2025-09-23,,202.75,199.0,202.0,399082
ACL,2025-09-24,,202.0,199.5,199.5,117301
ACL,2025-09-25,,200.0,198.0,199.25,275502
ACL,2025-09-26,,200.0,195.25,199.75,358454
ACL,2025-09-29,,201.75,194.0,200.5,208766
ACL,2025-09-30,,209.0,201.0,207.5,395768
ACL,2025-10-01,,215.5,208.0,213.5,576237
ACL,2025-10-02,,218.0,211.5,215.25,217876
ACL,2025-10-03,,216.25,212.5,213.25,29177
ACL,2025-10-07,,213.0,210.0,210.0,403322
ACL,2025-10-08,,213.0,207.0,210.75,230720
ACL,2025-10-09,,213.0,209.0,210.0,32539
ACL,2025-10-10,,223.0,215.5,216.5,1153037
ACL,2025-10-13,,224.25,215.25,217.5,140646
ACL,2025-10-14,,220.0,217.5,218.25,157559
ACL,2025-10-15,,219.0,215.0,215.25,109248
ACL,2025-10-16,,217.5,213.5,214.25,67238
ACL,2025-10-17,,217.0,214.0,215.5,277495
ACL,2025-10-21,,217.0,215.0,216.0,212893
ACL,2025-10-22,,223.0,216.0,220.5,1765577
ACL,2025-10-23,,224.0,218.0,220.5,546804
ACL,2025-10-24,,223.0,219.5,220.0,45487
ACL,2025-10-27,,221.75,218.0,219.75,102456
ACL,2025-10-28,,221.0,217.0,220.75,170373
ACL,2025-10-29,,222.0,218.0,222.0,244634
ACL,2025-10-30,,224.75,220.5,221.0,567406
ACL,2025-10-31,,222.5,219.75,220.0,68102
ACL,2025-11-03,,222.0,220.0,221.5,54946
ACL,2025-11-04,,223.75,220.0,221.5,45596
ACL,2025-11-06,,222.0,218.5,219.5,97075
ACL,2025-11-07,,220.0,219.0,220.0,108598
ACL,2025-11-10,,225.0,220.0,221.25,1538834
ACL,2025-11-11,,223.75,221.0,221.25,297254
ACL,2025-11-12,,225.25,221.0,224.5,362061
ACL,2025-11-13,,225.25,223.0,223.0,374284
ACL,2025-11-14,,224.0,223.0,223.75,24299
ACL,2025-11-17,,224.75,223.5,224.0,201697
ACL,2025-11-18,,224.75,222.5,222.75,183847
ACL,2025-11-19,,224.0,222.0,223.0,63213
ACL,2025-11-20,,224.0,223.0,223.5,13401
ACL,2025-11-21,,224.0,223.0,223.5,204489
ACL,2025-11-24,,224.0,220.25,221.25,109300
ACL,2025-11-25,,221.75,219.0,219.5,33258
ACL,2025-11-26,,222.0,220.0,220.75,39170
ACL,2025-11-27,,222.0,218.25,219.0,493452
ACL,2025-11-28,,222.0,218.0,222.0,129372
ACL,2025-12-01,,229.0,220.25,225.0,531478
ACL,2025-12-02,,237.0,227.0,234.75,542879
ACL,2025-12-03,,241.0,234.75,239.75,441476
ACL,2025-12-05,,245.0,237.5,239.0,287768
ACL,2025-12-08,,245.0,240.75,244.0,342281
ACL,2025-12-09,,260.25,244.0,257.25,905686
ACL,2025-12-10,,258.5,252.75,253.25,613047
ACL,2025-12-11,,256.0,250.0,254.0,481066
ACL,2025-12-12,,258.0,254.5,255.0,410052
ACL,2025-12-15,,255.0,252.0,252.75,125180
ACL,2025-12-16,,254.0,251.25,254.0,149792
ACL,2025-12-17,,254.0,251.5,251.75,125833
ACL,2025-12-18,,255.0,251.75,254.5,179481
ACL,2025-12-29,,87.2,82.5,83.8,501180
ACL,2025-12-30,,85.7,84.0,84.7,293685
ACL,2025-12-31,,91.2,85.0,89.8,3720021
ACL,2026-01-02,,99.9,92.9,99.1,7379609
ACL,2026-01-05,,105.0,99.8,103.75,9446319
ACL,2026-01-06,,106.0,101.25,102.0,2252559
ACL,2026-01-08,,101.75,99.3,101.0,3238656
ACL,2026-01-09,,104.0,100.75,103.5,2323206
ACL,2026-01-12,,104.0,101.25,102.0,839858
ACL,2026-01-13,,103.0,100.75,102.0,1226353
ACL,2026-01-14,,102.75,101.5,102.0,5060915
ACL,2026-01-16,,105.25,102.5,103.0,1655742
ACL,2026-01-19,,104.0,101.75,102.0,3570860
ACL,2026-01-20,,107.0,102.0,105.25,3827505
ACL,2026-01-21,,107.5,105.5,107.0,2538955
ACL,2026-01-22,,107.75,106.25,106.75,1126334
ACL,2026-01-23,,107.0,104.25,105.0,640850
ACL,2026-01-26,,105.0,102.0,103.0,1239378
ACL,2026-01-27,,103.5,101.25,101.75,712909
ACL,2026-01-28,,102.0,100.5,101.0,2601743
ACL,2026-01-29,,102.0,100.0,100.75,727686
ACL,2026-01-30,,102.0,100.5,101.0,2717160
ACL,2026-02-02,,102.0,100.5,101.25,708276
ACL,2026-02-03,,102.5,101.0,101.25,944296
ACL,2026-02-05,,102.0,100.75,101.0,566513
ACL,2026-02-06,,101.75,100.0,100.25,740057
ACL,2026-02-09,,101.5,99.3,100.0,1017641
ACL,2026-02-10,,101.0,99.6,100.0,2485174
ACL,2026-02-11,,100.0,98.9,99.6,975895
ACL,2026-02-12,,99.7,99.4,99.5,214139
ACL,2026-02-13,,99.5,98.5,99.0,504997
ACL,2026-02-16,,102.0,99.0,101.25,908927
ACL,2026-02-17,,102.0,100.0,101.0,317832
ACL,2026-02-18,,106.0,100.25,104.25,5731823
ACL,2026-02-19,,105.0,102.5,103.25,372887
ACL,2026-02-20,,104.0,102.0,103.0,219774
ACL,2026-02-23,,103.5,101.5,101.5,282691
ACL,2026-02-24,,103.5,101.25,103.0,3321112
ACL,2026-02-25,,103.25,101.5,103.0,454620
ACL,2026-02-26,,105.0,102.75,104.25,327175
ACL,2026-02-27,,104.25,103.0,103.0,170193
ACME,2025-09-02,,6.7,6.5,6.6,405284
ACME,2025-09-03,,7.2,6.5,7.0,1069561
ACME,2025-09-04,,6.9,6.6,6.7,235842
ACME,2025-09-08,,6.9,6.7,6.8,54388
ACME,2025-09-09,,6.9,6.7,6.8,217748
ACME,2025-09-10,,6.8,6.6,6.7,44783
ACME,2025-09-11,,6.9,6.6,6.8,6511
ACME,2025-09-12,,6.9,6.6,6.6,193251
ACME,2025-09-15,,6.7,6.4,6.4,21965
ACME,2025-09-16,,6.7,6.4,6.4,52229
ACME,2025-09-17,,7.3,6.4,7.1,1121080
ACME,2025-09-18,,7.4,7.1,7.1,773397
ACME,2025-09-19,,7.4,7.1,7.2,181906
ACME,2025-09-22,,7.2,6.9,7.0,45514
ACME,2025-09-23,,7.2,6.9,7.0,25982
ACME,2025-09-24,,7.1,6.9,7.0,15956
ACME,2025-09-25,,7.0,6.7,6.8,96176
ACME,2025-09-26,,7.0,6.5,6.8,49884
ACME,2025-09-29,,6.9,6.7,6.8,37119
ACME,2025-09-30,,6.9,6.7,6.8,43512
ACME,2025-10-01,,6.9,6.6,6.9,69055
ACME,2025-10-02,,6.9,6.6,6.8,30263
ACME,2025-10-03,,6.9,6.6,6.7,31621
ACME,2025-10-07,,6.7,6.5,6.5,182471
ACME,2025-10-08,,6.7,6.4,6.4,139425
ACME,2025-10-09,,6.7,6.5,6.6,42979
ACME,2025-10-10,,6.7,6.3,6.3,151166
ACME,2025-10-13,,6.7,6.5,6.6,28892
ACME,2025-10-14,,6.7,6.6,6.6,2663
ACME,2025-10-15,,6.7,6.3,6.3,220083
ACME,2025-10-16,,6.6,6.4,6.5,21104
ACME,2025-10-17,,6.6,6.4,6.4,96687
ACME,2025-10-21,,6.6,6.4,6.5,244722
ACME,2025-10-22,,6.7,6.6,6.6,37408
ACME,2025-10-23,,6.7,6.5,6.5,47336
ACME,2025-10-24,,6.6,6.5,6.5,16013
ACME,2025-10-27,,6.7,6.6,6.7,57561
ACME,2025-10-28,,6.7,6.5,6.6,71144
ACME,2025-10-29,,6.7,6.3,6.3,297741
ACME,2025-10-30,,6.8,6.5,6.7,99452
ACME,2025-10-31,,6.8,6.5,6.7,9033
ACME,2025-11-03,,6.7,6.6,6.6,5756
ACME,2025-11-04,,6.6,6.5,6.5,48902
ACME,2025-11-06,,6.8,6.5,6.7,88777
ACME,2025-11-07,,6.8,6.5,6.7,32157
ACME,2025-11-10,,7.0,6.7,6.9,75382
ACME,2025-11-11,,6.9,6.7,6.9,16280
ACME,2025-11-12,,6.9,6.7,6.8,35656
ACME,2025-11-13,,6.7,6.6,6.6,32389
ACME,2025-11-14,,6.9,6.6,6.7,16511
ACME,2025-11-17,,6.8,6.5,6.5,42869
ACME,2025-11-18,,6.8,6.5,6.5,43020
ACME,2025-11-19,,6.8,6.4,6.4,21277
ACME,2025-11-20,,6.5,6.4,6.4,13755
ACME,2025-11-21,,6.5,6.4,6.5,10903
ACME,2025-11-24,,6.5,6.2,6.4,60079
ACME,2025-11-25,,6.5,6.2,6.4,2565
ACME,2025-11-26,,6.5,6.1,6.2,55345
ACME,2025-11-27,,6.2,6.1,6.1,64914
ACME,2025-11-28,,6.2,6.1,6.2,9515
ACME,2025-12-01,,6.2,6.0,6.2,18931
ACME,2025-12-02,,6.2,6.0,6.1,43154
ACME,2025-12-03,,6.4,6.2,6.2,33336
ACME,2025-12-05,,6.4,6.0,6.0,39507
ACME,2025-12-08,,6.5,5.9,6.1,41858
ACME,2025-12-09,,6.3,5.9,5.9,207074
ACME,2025-12-10,,6.3,6.0,6.1,52192
ACME,2025-12-11,,6.2,6.0,6.0,81764
ACME,2025-12-12,,6.1,5.9,6.0,81016
ACME,2025-12-15,,6.5,5.9,6.5,178373
ACME,2025-12-16,,6.5,6.2,6.5,55942
ACME,2025-12-17,,6.5,6.4,6.5,13993
ACME,2025-12-18,,6.5,6.3,6.4,24066
ACME,2025-12-19,,6.5,6.2,6.3,10767
ACME,2025-12-22,,6.3,6.0,6.0,205787
ACME,2025-12-23,,6.2,6.0,6.0,74798
ACME,2025-12-24,,6.0,6.0,6.0,3209
ACME,2025-12-26,,6.4,6.0,6.4,92431
ACME,2025-12-29,,6.4,6.1,6.4,16004
ACME,2025-12-30,,6.4,6.0,6.1,210437
ACME,2025-12-31,,6.4,6.1,6.4,30502
ACME,2026-01-02,,6.5,6.3,6.4,48531
ACME,2026-01-05,,6.5,6.0,6.0,586835
ACME,2026-01-06,,6.3,6.0,6.1,187751
ACME,2026-01-08,,6.2,6.0,6.1,31685
ACME,2026-01-09,,6.2,6.0,6.0,43910
ACME,2026-01-12,,6.2,6.1,6.1,10144
ACME,2026-01-13,,7.6,6.1,7.4,3222601
ACME,2026-01-14,,9.2,8.2,9.2,1371296
ACME,2026-01-16,,11.5,10.5,11.5,4792873
ACME,2026-01-19,,14.2,12.5,13.0,5238958
ACME,2026-01-20,,13.5,12.5,12.9,808882
ACME,2026-01-21,,13.4,12.6,12.7,890544
ACME,2026-01-22,,16.2,12.8,15.8,3358911
ACME,2026-01-23,,19.7,17.6,19.7,4424698
ACME,2026-01-26,,24.6,22.0,24.6,2407819
ACME,2026-01-27,,30.7,28.0,30.7,1694094
ACME,2026-01-28,,38.3,23.8,24.6,6152042
ACME,2026-01-29,,28.6,23.8,24.6,2634625
ACME,2026-01-30,,26.4,20.1,21.2,2205962
ACME,2026-02-02,,22.3,17.2,18.7,1378440
ACME,2026-02-03,,23.7,18.5,23.1,2656208
ACME,2026-02-05,,24.9,6.8,9.5,502545
ACME,2026-02-06,,24.9,11.8,14.2,4665378
ACME,2026-02-09,,16.0,11.6,11.9,3725540
ACME,2026-02-10,,12.3,10.8,11.0,1371755
ACME,2026-02-11,,11.4,9.6,10.5,1898530
ACME,2026-02-12,,11.0,9.7,9.9,1013363
ACME,2026-02-13,,11.8,9.6,11.0,2670003
ACME,2026-02-16,,12.1,11.0,11.5,1680418
ACME,2026-02-17,,11.8,10.8,11.0,590252
ACME,2026-02-18,,11.3,10.5,10.7,787636
ACME,2026-02-19,,10.7,8.6,9.2,3829963
ACME,2026-02-20,,9.4,8.6,8.8,805250
ACME,2026-02-23,,10.7,8.1,10.0,2828341
ACME,2026-02-24,,11.7,10.5,10.7,4099893
ACME,2026-02-25,,10.9,9.7,9.9,922678
ACME,2026-02-26,,10.4,9.2,9.5,852453
ACME,2026-02-27,,9.9,9.0,9.3,384456
AEL,2025-09-02,,61.5,60.9,61.0,1148747
AEL,2025-09-03,,61.2,60.0,60.1,545330
AEL,2025-09-04,,60.3,59.7,59.8,779502
AEL,2025-09-08,,60.0,58.4,59.0,534235
AEL,2025-09-09,,59.4,58.7,58.8,436803
AEL,2025-09-10,,59.0,57.8,58.0,490129
AEL,2025-09-11,,58.5,57.3,57.6,412888
AEL,2025-09-12,,58.4,57.1,57.5,267602
AEL,2025-09-15,,58.0,57.0,57.2,786672
AEL,2025-09-16,,59.9,57.0,59.2,1420969
AEL,2025-09-17,,61.5,59.6,60.6,4234727
AEL,2025-09-18,,62.1,60.5,61.8,1811720
AEL,2025-09-19,,62.1,60.6,61.0,596813
AEL,2025-09-22,,62.5,61.2,62.1,5311473
AEL,2025-09-23,,62.8,61.8,62.0,901169
AEL,2025-09-24,,63.0,61.6,62.0,610227
AEL,2025-09-25,,62.1,61.0,61.7,1146848
AEL,2025-09-26,,62.0,61.5,61.9,1062107
AEL,2025-09-29,,61.9,60.7,61.0,382250
AEL,2025-09-30,,61.8,60.4,60.9,2279063
AEL,2025-10-01,,62.5,61.0,61.9,2539545
AEL,2025-10-02,,66.0,62.5,65.5,5349861
AEL,2025-10-03,,66.0,64.4,64.5,1193572
AEL,2025-10-07,,65.5,62.8,63.2,421139
AEL,2025-10-08,,64.0,62.6,63.0,1474341
AEL,2025-10-09,,63.0,62.0,62.1,379353
AEL,2025-10-10,,63.4,62.0,62.5,426289
AEL,2025-10-13,,63.8,61.9,62.1,1416288
AEL,2025-10-14,,62.9,61.4,61.6,672820
AEL,2025-10-15,,62.2,61.0,61.1,260032
AEL,2025-10-16,,62.0,60.1,61.5,774122
AEL,2025-10-17,,62.9,61.5,62.4,1004497
AEL,2025-10-21,,63.0,62.1,62.8,584041
AEL,2025-10-22,,63.5,61.9,62.0,954926
AEL,2025-10-23,,62.5,61.5,61.7,819799
AEL,2025-10-24,,62.0,60.5,60.8,960240
AEL,2025-10-27,,61.0,60.4,60.5,680163
AEL,2025-10-28,,60.7,59.8,60.7,712271
AEL,2025-10-29,,61.0,60.0,60.6,555267
AEL,2025-10-30,,61.0,60.3,60.4,194208
AEL,2025-10-31,,61.2,60.5,60.9,187498
AEL,2025-11-03,,61.0,60.7,61.0,478047
AEL,2025-11-04,,62.5,61.1,61.6,795474
AEL,2025-11-06,,62.5,60.0,61.3,928421
AEL,2025-11-07,,61.9,61.3,61.7,462746
AEL,2025-11-10,,65.0,62.0,64.1,2796281
AEL,2025-11-11,,68.1,64.0,67.1,4269222
AEL,2025-11-12,,68.5,66.5,66.8,1709033
AEL,2025-11-13,,67.0,66.6,66.6,806026
AEL,2025-11-14,,67.0,65.1,66.8,938350
AEL,2025-11-17,,67.3,66.1,67.1,1850531
AEL,2025-11-18,,67.6,66.4,66.7,1386248
AEL,2025-11-19,,66.9,66.0,66.7,474344
AEL,2025-11-20,,67.4,66.0,67.1,572757
AEL,2025-11-21,,69.6,66.5,68.4,2203108
AEL,2025-11-24,,69.0,66.0,68.0,1345644
AEL,2025-11-25,,70.0,68.0,69.3,1195491
AEL,2025-11-26,,71.0,69.5,70.6,3921983
AEL,2025-11-27,,70.8,69.6,69.9,1775614
AEL,2025-11-28,,72.0,69.0,71.6,1145399
AEL,2025-12-01,,75.5,71.1,74.0,6773614
AEL,2025-12-02,,76.0,72.5,72.6,4915655
AEL,2025-12-03,,73.8,69.7,71.3,4284251
AEL,2025-12-05,,73.0,70.9,71.2,1707483
AEL,2025-12-08,,73.7,71.5,72.0,1542625
AEL,2025-12-09,,73.9,72.0,73.7,1253889
AEL,2025-12-10,,78.0,74.0,76.9,3309264
AEL,2025-12-11,,77.5,75.8,76.0,1345141
AEL,2025-12-12,,76.0,75.0,75.6,681472
AEL,2025-12-15,,77.0,75.1,75.2,417479
AEL,2025-12-16,,76.0,74.1,74.5,376913
AEL,2025-12-17,,75.5,74.1,74.4,290410
AEL,2025-12-18,,74.8,73.8,74.0,869580
AEL,2025-12-19,,74.0,73.4,73.4,554441
AEL,2025-12-22,,73.9,72.4,72.6,931482
AEL,2025-12-23,,73.0,72.0,72.5,470345
AEL,2025-12-24,,73.5,72.5,72.5,300217
AEL,2025-12-26,,73.5,72.7,72.9,140392
AEL,2025-12-29,,73.8,72.5,72.6,290276
AEL,2025-12-30,,73.5,71.9,72.3,2942395
AEL,2025-12-31,,73.9,72.9,73.3,774056
AEL,2026-01-02,,76.5,74.0,76.0,1113768
AEL,2026-01-05,,79.0,76.2,77.8,2114256
AEL,2026-01-06,,78.1,77.0,77.3,1038199
AEL,2026-01-08,,77.7,76.4,76.5,1775621
AEL,2026-01-09,,76.7,75.5,75.7,752742
AEL,2026-01-12,,76.2,75.3,75.6,605803
AEL,2026-01-13,,76.0,74.8,75.0,237812
AEL,2026-01-14,,74.9,74.0,74.1,1086595
AEL,2026-01-16,,74.8,73.7,74.2,869281
AEL,2026-01-19,,74.8,73.5,73.6,433909
AEL,2026-01-20,,74.0,73.0,73.5,969701
AEL,2026-01-21,,74.8,73.7,74.0,516829
AEL,2026-01-22,,74.5,73.5,74.0,842786
AEL,2026-01-23,,75.1,73.5,73.8,2179042
AEL,2026-01-26,,74.9,73.5,74.6,456645
AEL,2026-01-27,,75.0,72.9,73.0,478127
AEL,2026-01-28,,74.0,72.4,72.7,377112
AEL,2026-01-29,,73.5,71.8,72.0,769798
AEL,2026-01-30,,72.5,71.0,71.6,751300
AEL,2026-02-02,,72.5,70.9,71.9,490085
AEL,2026-02-03,,72.5,71.1,71.9,134299
AEL,2026-02-05,,72.2,71.4,71.5,201292
AEL,2026-02-06,,71.9,71.0,71.6,1351232
AEL,2026-02-09,,74.9,71.5,72.0,577777
AEL,2026-02-10,,73.0,71.0,71.4,213974
AEL,2026-02-11,,71.6,70.8,70.9,518257
AEL,2026-02-12,,71.3,68.9,70.1,1373942
AEL,2026-02-13,,73.0,70.0,72.5,927008
AEL,2026-02-16,,74.0,72.0,72.3,446276
AEL,2026-02-17,,75.0,72.2,74.8,2361128
AEL,2026-02-18,,75.0,74.0,74.1,385078
AEL,2026-02-19,,75.1,74.0,74.9,1066923
AEL,2026-02-20,,75.0,74.0,74.5,336237
AEL,2026-02-23,,75.6,74.0,75.2,1107684
AEL,2026-02-24,,77.0,74.4,76.3,2988997
AEL,2026-02-25,,78.0,76.0,77.3,5576378
AEL,2026-02-26,,80.5,78.3,80.1,4657419
AEL,2026-02-27,,80.1,79.0,79.9,888361
AFSL,2025-09-02,,72.4,69.5,69.5,5566
AFSL,2025-09-03,,72.4,69.6,69.6,226
AFSL,2025-09-04,,72.3,69.7,70.1,1177
AFSL,2025-09-08,,72.5,72.4,72.4,141
AFSL,2025-09-09,,70.3,69.0,69.5,1036
AFSL,2025-09-10,,68.0,67.0,67.1,1095
AFSL,2025-09-11,,70.0,67.2,67.8,925
AFSL,2025-09-12,,67.1,67.1,67.8,10
AFSL,2025-09-15,,70.0,67.1,70.0,369
AFSL,2025-09-16,,70.0,68.0,68.3,240
AFSL,2025-09-17,,70.0,68.0,70.0,1042
AFSL,2025-09-18,,70.0,68.2,69.9,447
AFSL,2025-09-19,,70.0,68.1,68.3,5278
AFSL,2025-09-22,,69.9,68.3,68.3,712
AFSL,2025-09-23,,69.9,68.0,69.4,1385
AFSL,2025-09-24,,70.0,68.0,70.0,24700
AFSL,2025-09-25,,70.0,65.1,70.0,11272
AFSL,2025-09-26,,70.0,69.0,70.0,34988
AFSL,2025-09-29,,70.0,67.0,67.1,2008
AFSL,2025-09-30,,70.0,67.0,70.0,5356
AFSL,2025-10-01,,68.5,68.5,68.5,535
AFSL,2025-10-02,,70.0,70.0,70.0,375
AFSL,2025-10-03,,70.0,69.0,69.0,1030
AFSL,2025-10-07,,69.0,67.6,69.0,67
AFSL,2025-10-08,,68.9,65.0,66.7,6211
AFSL,2025-10-09,,69.0,65.7,66.2,455
AFSL,2025-10-10,,69.0,68.0,68.9,2629
AFSL,2025-10-13,,79.9,66.2,75.3,44956
AFSL,2025-10-14,,77.5,69.0,70.1,9583
AFSL,2025-10-15,,73.0,69.0,69.0,102351
AFSL,2025-10-16,,77.0,70.0,75.3,25932
AFSL,2025-10-17,,77.0,73.1,75.5,1486
AFSL,2025-10-21,,77.0,73.2,75.8,17297
AFSL,2025-10-22,,77.0,74.0,74.0,3097
AFSL,2025-10-23,,78.5,75.0,77.5,30686
AFSL,2025-10-24,,77.8,71.0,72.2,22122
AFSL,2025-10-27,,77.5,72.0,74.6,26611
AFSL,2025-10-28,,77.7,70.7,72.3,23253
AFSL,2025-10-29,,77.4,73.2,73.6,543
AFSL,2025-10-30,,76.9,73.6,76.5,2083
AFSL,2025-10-31,,73.9,71.0,73.1,13842
AFSL,2025-11-03,,73.5,72.0,72.8,181
AFSL,2025-11-04,,77.5,73.9,74.1,39028
AFSL,2025-11-06,,77.0,73.0,74.0,1737
AFSL,2025-11-07,,76.9,72.1,72.5,2224
AFSL,2025-11-10,,74.9,74.8,72.5,29
AFSL,2025-11-11,,80.0,72.0,75.9,85544
AFSL,2025-11-12,,94.8,80.9,94.1,242813
AFSL,2025-11-13,,100.0,85.1,87.0,44175
AFSL,2025-11-14,,91.0,84.5,88.4,6218
AFSL,2025-11-17,,91.0,84.0,84.5,11179
AFSL,2025-11-18,,86.0,80.2,81.1,27718
AFSL,2025-11-19,,89.0,78.0,84.4,14879
AFSL,2025-11-20,,87.9,80.3,84.1,1718
AFSL,2025-11-21,,87.5,84.9,87.0,1096
AFSL,2025-11-24,,84.6,79.9,80.0,9417
AFSL,2025-11-25,,84.0,80.0,80.0,439
AFSL,2025-11-26,,80.9,75.0,78.0,7536
AFSL,2025-11-27,,78.9,75.1,76.5,7001
AFSL,2025-11-28,,79.9,75.0,75.0,942
AFSL,2025-12-01,,74.9,72.0,73.6,4221
AFSL,2025-12-02,,80.0,70.9,74.2,2643
AFSL,2025-12-03,,71.2,68.0,68.5,14201
AFSL,2025-12-05,,70.0,65.5,66.4,3851
AFSL,2025-12-08,,69.1,65.0,66.1,22364
AFSL,2025-12-09,,72.9,68.0,69.4,7016
AFSL,2025-12-10,,73.9,70.0,70.7,13008
AFSL,2025-12-11,,74.0,70.0,70.3,3656
AFSL,2025-12-12,,76.2,72.5,74.0,6513
AFSL,2025-12-15,,77.4,70.5,75.6,339
AFSL,2025-12-16,,75.6,71.2,72.8,160
AFSL,2025-12-17,,72.0,72.0,72.8,8
AFSL,2025-12-18,,74.9,73.0,72.8,46
AFSL,2025-12-19,,74.1,71.2,73.8,3430
AFSL,2025-12-22,,73.8,70.4,70.5,1313
AFSL,2025-12-23,,73.6,70.4,70.7,949
AFSL,2025-12-24,,70.6,70.4,70.5,5264
AFSL,2025-12-26,,73.6,70.0,70.0,2735
AFSL,2025-12-29,,73.4,68.1,70.0,7
AFSL,2025-12-30,,73.4,67.2,73.3,3795
AFSL,2025-12-31,,73.3,68.5,69.5,771
AFSL,2026-01-02,,75.9,70.3,75.0,23295
AFSL,2026-01-05,,79.9,70.4,73.2,5638
AFSL,2026-01-06,,76.0,72.1,73.3,607
AFSL,2026-01-08,,77.5,73.2,77.0,474
AFSL,2026-01-09,,77.3,74.1,75.7,295
AFSL,2026-01-12,,75.0,74.2,74.5,14327
AFSL,2026-01-13,,75.0,74.5,75.0,1949
AFSL,2026-01-14,,84.8,76.9,81.5,27739
AFSL,2026-01-16,,95.0,83.0,88.5,75678
AFSL,2026-01-19,,88.5,85.0,87.1,11074
AFSL,2026-01-20,,85.2,81.0,83.0,25469
AFSL,2026-01-21,,88.0,81.6,83.4,937
AFSL,2026-01-22,,84.9,81.7,84.9,1036
AFSL,2026-01-23,,85.0,81.8,82.4,7250
AFSL,2026-01-26,,83.9,81.9,82.0,4219
AFSL,2026-01-27,,85.0,81.7,82.2,2650
AFSL,2026-01-28,,82.0,81.8,82.0,3001
AFSL,2026-01-29,,94.0,83.4,88.9,27943
AFSL,2026-01-30,,90.0,86.0,86.5,7210
AFSL,2026-02-02,,89.5,83.7,86.0,8213
AFSL,2026-02-03,,92.4,88.1,89.5,14466
AFSL,2026-02-05,,91.8,87.8,88.0,5696
AFSL,2026-02-06,,94.7,87.5,93.3,35402
AFSL,2026-02-09,,116.5,90.1,114.5,170006
AFSL,2026-02-10,,120.0,100.0,104.0,55401
AFSL,2026-02-11,,116.0,100.0,106.25,78450
AFSL,2026-02-12,,111.5,101.25,102.0,21960
AFSL,2026-02-13,,107.75,98.9,99.0,19096
AFSL,2026-02-16,,104.25,97.6,97.8,5985
AFSL,2026-02-17,,103.75,95.0,96.4,8866
AFSL,2026-02-18,,99.4,94.1,96.1,6394
AFSL,2026-02-19,,96.1,94.0,94.6,5862
AFSL,2026-02-20,,94.6,90.1,94.2,13572
AFSL,2026-02-23,,92.6,85.0,89.4,12149
AFSL,2026-02-24,,93.8,91.0,93.0,9094
AFSL,2026-02-25,,110.0,92.0,106.25,31772
AFSL,2026-02-26,,109.0,98.0,100.25,2957
AFSL,2026-02-27,,106.0,98.5,99.5,1285
AGAL,2025-09-02,,61.8,60.6,61.4,61273
AGAL,2025-09-03,,62.0,60.9,62.0,36304
AGAL,2025-09-04,,62.0,61.3,61.5,23410
AGAL,2025-09-08,,62.0,61.0,61.1,37870
AGAL,2025-09-09,,61.7,60.1,60.2,56352
AGAL,2025-09-10,,61.4,59.0,60.6,85523
AGAL,2025-09-11,,61.4,60.0,60.4,40495
AGAL,2025-09-12,,61.3,60.0,60.9,57494
AGAL,2025-09-15,,60.9,59.1,59.5,54378
AGAL,2025-09-16,,60.5,59.1,60.1,12259
AGAL,2025-09-17,,61.0,60.0,60.4,22727
AGAL,2025-09-18,,61.0,59.9,61.0,41529
AGAL,2025-09-19,,61.0,60.2,61.0,91248
AGAL,2025-09-22,,61.4,60.3,61.0,85357
AGAL,2025-09-23,,61.4,60.6,60.7,27260
AGAL,2025-09-24,,61.3,60.6,61.0,57050
AGAL,2025-09-25,,61.5,60.0,60.3,122514
AGAL,2025-09-26,,67.0,60.3,66.0,637930
AGAL,2025-09-29,,69.0,66.8,67.9,771096
AGAL,2025-09-30,,69.0,67.0,67.0,124013
AGAL,2025-10-01,,67.8,66.5,66.7,50945
AGAL,2025-10-02,,67.0,66.3,66.5,20351
AGAL,2025-10-03,,67.4,66.0,66.1,18511
AGAL,2025-10-07,,67.0,65.1,65.9,25456
AGAL,2025-10-08,,66.4,64.5,64.9,88667
AGAL,2025-10-09,,65.5,64.1,64.7,28338
AGAL,2025-10-10,,65.5,63.7,64.1,18569
AGAL,2025-10-13,,64.0,61.5,62.0,63523
AGAL,2025-10-14,,64.0,61.5,61.8,74766
AGAL,2025-10-15,,63.4,61.5,61.5,162641
AGAL,2025-10-16,,63.4,61.3,62.1,37531
AGAL,2025-10-17,,63.4,62.3,62.5,49673
AGAL,2025-10-21,,63.4,61.7,62.0,42978
AGAL,2025-10-22,,63.0,61.6,61.9,17531
AGAL,2025-10-23,,63.0,61.5,62.3,30514
AGAL,2025-10-24,,63.0,61.1,61.4,43367
AGAL,2025-10-27,,62.0,61.7,61.8,20303
AGAL,2025-10-28,,61.8,60.1,60.7,14519
AGAL,2025-10-29,,61.8,60.1,60.2,123122
AGAL,2025-10-30,,61.8,60.5,61.0,142057
AGAL,2025-10-31,,61.8,61.0,61.4,16427
AGAL,2025-11-03,,62.0,61.0,61.6,31749
AGAL,2025-11-04,,61.8,61.0,61.3,38147
AGAL,2025-11-06,,64.0,60.0,61.4,144220
AGAL,2025-11-07,,63.7,62.0,63.0,169607
AGAL,2025-11-10,,63.5,59.2,59.6,237470
AGAL,2025-11-11,,61.0,59.0,59.6,57109
AGAL,2025-11-12,,60.9,59.1,59.7,25363
AGAL,2025-11-13,,60.0,59.5,59.5,38981
AGAL,2025-11-14,,59.8,59.0,59.2,42053
AGAL,2025-11-17,,59.9,58.0,58.1,39485
AGAL,2025-11-18,,61.5,58.1,59.1,83042
AGAL,2025-11-19,,60.0,58.3,59.0,6733
AGAL,2025-11-20,,59.0,57.5,58.1,45148
AGAL,2025-11-21,,58.9,57.8,57.9,5270
AGAL,2025-11-24,,58.5,53.1,56.0,39060
AGAL,2025-11-25,,57.9,55.5,57.4,19600
AGAL,2025-11-26,,59.0,56.9,57.5,5835
AGAL,2025-11-27,,58.5,56.7,56.8,5315
AGAL,2025-11-28,,57.9,56.2,57.6,10783
AGAL,2025-12-01,,55.2,51.0,53.8,91720
AGAL,2025-12-02,,55.5,52.1,53.2,34837
AGAL,2025-12-03,,53.5,52.1,52.6,21064
AGAL,2025-12-05,,52.1,49.0,49.8,59002
AGAL,2025-12-08,,51.5,49.5,49.8,35480
AGAL,2025-12-09,,53.9,50.2,53.4,25661
AGAL,2025-12-10,,55.5,53.4,54.0,31813
AGAL,2025-12-11,,54.7,53.4,53.5,45065
AGAL,2025-12-12,,54.4,53.5,53.7,13817
AGAL,2025-12-15,,56.0,53.4,53.7,23318
AGAL,2025-12-16,,54.9,52.5,52.6,49350
AGAL,2025-12-17,,54.5,52.0,53.8,15471
AGAL,2025-12-18,,53.0,52.0,52.5,56148
AGAL,2025-12-19,,53.0,52.5,52.5,7343
AGAL,2025-12-22,,52.5,51.9,51.9,3505
AGAL,2025-12-23,,52.0,51.0,51.5,7969
AGAL,2025-12-24,,52.0,50.3,50.6,37022
AGAL,2025-12-26,,52.9,50.5,51.0,68193
AGAL,2025-12-29,,53.7,52.0,52.0,30203
AGAL,2025-12-30,,52.0,51.8,52.0,51356
AGAL,2025-12-31,,53.5,52.0,53.0,58519
AGAL,2026-01-02,,53.7,53.0,53.1,20969
AGAL,2026-01-05,,54.5,52.5,52.5,55725
AGAL,2026-01-06,,56.0,52.4,54.3,81724
AGAL,2026-01-08,,56.0,53.0,53.1,319699
AGAL,2026-01-09,,55.0,53.5,54.0,181348
AGAL,2026-01-12,,55.0,54.2,54.5,55088
AGAL,2026-01-13,,55.0,54.0,54.5,32605
AGAL,2026-01-14,,54.9,54.0,54.1,69869
AGAL,2026-01-16,,57.8,54.1,56.8,314922
AGAL,2026-01-19,,58.9,56.5,57.5,80312
AGAL,2026-01-20,,57.8,56.9,57.4,85056
AGAL,2026-01-21,,57.8,57.0,57.5,95098
AGAL,2026-01-22,,59.7,57.8,59.1,140579
AGAL,2026-01-23,,61.0,58.5,60.0,101593
AGAL,2026-01-26,,60.5,58.7,60.0,105693
AGAL,2026-01-27,,61.0,58.3,60.1,91505
AGAL,2026-01-28,,60.2,58.0,59.0,40790
AGAL,2026-01-29,,60.4,58.1,59.3,69341
AGAL,2026-01-30,,59.5,58.4,58.6,20224
AGAL,2026-02-02,,59.9,58.5,58.5,4904
AGAL,2026-02-03,,59.5,56.5,57.1,78399
AGAL,2026-02-05,,63.1,57.0,61.0,151937
AGAL,2026-02-06,,61.1,60.1,60.3,13756
AGAL,2026-02-09,,60.8,58.3,59.0,25338
AGAL,2026-02-10,,60.2,59.0,59.1,25503
AGAL,2026-02-11,,60.0,58.2,58.5,56673
AGAL,2026-02-12,,59.0,57.0,57.7,36408
AGAL,2026-02-13,,58.9,57.3,58.1,11762
AGAL,2026-02-16,,59.0,57.0,58.0,34570
AGAL,2026-02-17,,58.5,57.0,57.1,25368
AGAL,2026-02-18,,58.5,57.3,58.5,15462
AGAL,2026-02-19,,58.5,57.0,57.7,19419
AGAL,2026-02-20,,57.9,56.5,57.0,43109
AGAL,2026-02-23,,57.2,56.3,56.6,11841
AGAL,2026-02-24,,57.2,55.9,55.9,34665
AGAL,2026-02-25,,59.0,57.0,58.7,107819
AGAL,2026-02-26,,59.8,58.0,58.2,40862
AGAL,2026-02-27,,58.6,57.0,58.2,101690
AGST,2025-09-02,,8.8,8.5,8.5,1357625
AGST,2025-09-03,,8.7,8.5,8.6,152458
AGST,2025-09-04,,8.8,8.6,8.8,1352518
AGST,2025-09-08,,9.8,8.7,9.7,16375213
AGST,2025-09-09,,10.4,9.5,9.6,13180368
AGST,2025-09-10,,9.9,9.2,9.6,3261083
AGST,2025-09-11,,9.7,9.2,9.4,1436833
AGST,2025-09-12,,9.4,8.9,9.0,2686867
AGST,2025-09-15,,9.3,9.0,9.1,614021
AGST,2025-09-16,,9.4,9.0,9.1,1284139
AGST,2025-09-17,,9.4,8.9,9.0,2484946
AGST,2025-09-18,,9.2,8.9,9.0,4639060
AGST,2025-09-19,,9.3,9.0,9.2,781151
AGST,2025-09-22,,9.3,9.0,9.1,602663
AGST,2025-09-23,,9.2,9.0,9.0,607544
AGST,2025-09-24,,9.3,9.0,9.1,695307
AGST,2025-09-25,,9.3,9.0,9.1,1164811
AGST,2025-09-26,,9.5,9.1,9.4,2447192
AGST,2025-09-29,,9.5,9.1,9.2,604010
AGST,2025-09-30,,9.3,9.0,9.1,569096
AGST,2025-10-01,,9.3,9.0,9.1,1089033
AGST,2025-10-02,,9.3,9.0,9.1,412322
AGST,2025-10-03,,9.1,9.0,9.0,534824
AGST,2025-10-07,,9.2,9.0,9.0,1196601
AGST,2025-10-08,,9.1,8.9,8.9,632019
AGST,2025-10-09,,9.0,8.8,8.9,465593
AGST,2025-10-10,,8.9,8.6,8.8,1105444
AGST,2025-10-13,,9.1,8.8,9.0,945227
AGST,2025-10-14,,9.2,8.9,9.1,1258611
AGST,2025-10-15,,9.2,8.9,9.0,838122
AGST,2025-10-16,,9.2,9.0,9.1,1020516
AGST,2025-10-17,,9.7,9.1,9.5,4162108
AGST,2025-10-21,,9.8,9.4,9.6,2985297
AGST,2025-10-22,,9.7,9.3,9.4,948744
AGST,2025-10-23,,9.6,9.2,9.5,753064
AGST,2025-10-24,,9.6,9.2,9.2,552929
AGST,2025-10-27,,9.5,9.2,9.3,162234
AGST,2025-10-28,,9.4,9.1,9.3,830764
AGST,2025-10-29,,9.5,9.2,9.3,1075942
AGST,2025-10-30,,9.5,9.3,9.4,189220
AGST,2025-10-31,,9.8,9.4,9.7,2648126
AGST,2025-11-03,,9.8,9.4,9.7,2257694
AGST,2025-11-04,,9.8,9.5,9.7,875810
AGST,2025-11-06,,9.8,9.5,9.7,635503
AGST,2025-11-07,,10.0,9.5,9.9,3170950
AGST,2025-11-10,,10.4,9.8,10.2,1684244
AGST,2025-11-11,,10.4,9.8,10.0,1415309
AGST,2025-11-12,,10.3,9.6,9.7,1481785
AGST,2025-11-13,,9.8,9.5,9.6,418499
AGST,2025-11-14,,9.8,9.4,9.7,416314
AGST,2025-11-17,,9.8,9.4,9.5,376138
AGST,2025-11-18,,9.6,9.3,9.4,128756
AGST,2025-11-19,,9.5,9.3,9.4,150469
AGST,2025-11-20,,9.6,9.3,9.5,353290
AGST,2025-11-21,,9.6,9.2,9.5,405316
AGST,2025-11-24,,9.5,9.0,9.0,1057633
AGST,2025-11-25,,9.4,9.0,9.3,360297
AGST,2025-11-26,,9.4,9.1,9.2,124222
AGST,2025-11-27,,9.4,9.0,9.0,243293
AGST,2025-11-28,,9.3,9.0,9.0,109322
AGST,2025-12-01,,9.1,8.5,8.8,1096790
AGST,2025-12-02,,9.2,8.6,8.9,580002
AGST,2025-12-03,,9.0,8.5,8.6,396559
AGST,2025-12-05,,8.9,8.4,8.5,555857
AGST,2025-12-08,,8.9,8.6,8.7,262985
AGST,2025-12-09,,9.3,8.7,9.2,798273
AGST,2025-12-10,,9.4,9.1,9.3,1035790
AGST,2025-12-11,,9.4,9.1,9.3,360941
AGST,2025-12-12,,9.4,9.0,9.1,70693
AGST,2025-12-15,,9.3,9.0,9.0,146672
AGST,2025-12-16,,9.1,8.9,9.0,69002
AGST,2025-12-17,,9.3,8.9,9.0,154646
AGST,2025-12-18,,9.2,9.0,9.1,106054
AGST,2025-12-19,,9.1,8.8,8.9,168641
AGST,2025-12-22,,9.1,8.9,8.9,67684
AGST,2025-12-23,,9.1,8.8,9.0,139107
AGST,2025-12-24,,9.1,8.8,9.0,35590
AGST,2025-12-26,,9.1,8.9,9.0,13167
AGST,2025-12-29,,9.0,8.7,8.8,211852
AGST,2025-12-30,,9.1,8.8,9.0,209879
AGST,2025-12-31,,9.1,8.8,8.9,53853
AGST,2026-01-02,,9.2,8.8,9.0,218752
AGST,2026-01-05,,9.3,9.0,9.2,1093579
AGST,2026-01-06,,9.3,9.0,9.3,887086
AGST,2026-01-08,,9.4,9.1,9.1,142539
AGST,2026-01-09,,9.3,9.0,9.2,551010
AGST,2026-01-12,,9.4,9.1,9.2,477698
AGST,2026-01-13,,9.3,9.1,9.2,354972
AGST,2026-01-14,,9.6,9.2,9.4,1416408
AGST,2026-01-16,,10.0,9.2,9.7,1564749
AGST,2026-01-19,,10.2,9.6,9.9,2208650
AGST,2026-01-20,,10.6,9.9,10.5,7302060
AGST,2026-01-21,,10.6,10.1,10.3,1680457
AGST,2026-01-22,,10.6,10.0,10.4,2244741
AGST,2026-01-23,,11.4,10.6,11.0,11302282
AGST,2026-01-26,,11.4,11.1,11.3,2431930
AGST,2026-01-27,,11.4,10.9,11.1,1327751
AGST,2026-01-28,,11.2,10.7,10.7,361841
AGST,2026-01-29,,11.2,10.6,11.0,4032545
AGST,2026-01-30,,11.2,10.8,11.0,880098
AGST,2026-02-02,,11.0,10.6,10.7,320810
AGST,2026-02-03,,11.1,10.5,10.8,837863
AGST,2026-02-05,,11.4,10.8,10.8,935452
AGST,2026-02-06,,11.3,10.8,10.9,665584
AGST,2026-02-09,,11.0,10.7,10.8,249279
AGST,2026-02-10,,11.1,10.5,10.6,214422
AGST,2026-02-11,,10.9,10.6,10.8,187812
AGST,2026-02-12,,10.9,10.6,10.7,70350
AGST,2026-02-13,,10.8,10.4,10.6,516685
AGST,2026-02-16,,10.7,9.9,10.6,823790
AGST,2026-02-17,,11.3,10.3,11.0,1636219
AGST,2026-02-18,,11.0,10.0,10.8,646659
AGST,2026-02-19,,11.2,10.4,11.0,1683867
AGST,2026-02-20,,11.2,10.5,11.0,1231050
AGST,2026-02-23,,12.0,11.1,11.8,7125313
AGST,2026-02-24,,11.7,11.3,11.3,421772
AGST,2026-02-25,,11.7,11.1,11.4,915996
AGST,2026-02-26,,11.7,10.9,11.2,1392099
AGST,2026-02-27,,11.5,11.1,11.2,203899
AHUN,2025-09-02,,100.0,90.0,99.5,1905684
AHUN,2025-09-03,,107.0,100.0,104.0,1625609
AHUN,2025-09-04,,105.5,102.0,105.0,1170292
AHUN,2025-09-08,,104.75,98.0,102.25,211532
AHUN,2025-09-09,,110.75,100.5,105.0,2164194
AHUN,2025-09-10,,107.5,103.0,106.0,1043289
AHUN,2025-09-11,,107.75,105.75,106.0,296290
AHUN,2025-09-12,,106.0,103.0,105.0,179650
AHUN,2025-09-15,,105.5,103.5,104.75,396672
AHUN,2025-09-16,,110.0,103.25,109.0,924661
AHUN,2025-09-17,,111.75,109.0,111.0,446300
AHUN,2025-09-18,,119.5,111.75,116.0,410577
AHUN,2025-09-19,,117.0,115.0,116.0,109312
AHUN,2025-09-22,,122.5,116.0,120.0,1078785
AHUN,2025-09-23,,122.5,120.0,122.0,885607
AHUN,2025-09-24,,123.0,119.5,120.0,245758
AHUN,2025-09-25,,123.5,119.5,122.25,386999
AHUN,2025-09-26,,124.0,121.25,122.75,183903
AHUN,2025-09-29,,122.5,118.0,119.75,109625
AHUN,2025-09-30,,122.0,119.0,120.5,208614
AHUN,2025-10-01,,122.0,119.5,121.75,256793
AHUN,2025-10-02,,122.5,121.0,121.5,66163
AHUN,2025-10-03,,122.5,120.0,122.0,311936
AHUN,2025-10-07,,124.0,120.5,121.5,139909
AHUN,2025-10-08,,125.0,119.5,124.5,255478
AHUN,2025-10-09,,125.0,121.5,122.0,288624
AHUN,2025-10-10,,125.5,122.0,124.0,94445
AHUN,2025-10-13,,124.0,118.5,123.0,31301
AHUN,2025-10-14,,122.0,119.25,121.0,18121
AHUN,2025-10-15,,123.5,121.0,121.75,251748
AHUN,2025-10-16,,125.25,121.5,124.5,323693
AHUN,2025-10-17,,128.0,123.0,126.25,133523
AHUN,2025-10-21,,126.0,125.0,125.25,189082
AHUN,2025-10-22,,128.0,125.5,126.5,602141
AHUN,2025-10-23,,128.25,125.0,126.0,272703
AHUN,2025-10-24,,127.0,122.5,123.5,213067
AHUN,2025-10-27,,126.0,121.75,123.0,175941
AHUN,2025-10-28,,124.75,122.0,123.25,54306
AHUN,2025-10-29,,124.75,121.5,122.75,50465
AHUN,2025-10-30,,123.0,122.0,122.25,83717
AHUN,2025-10-31,,124.75,122.0,124.0,248186
AHUN,2025-11-03,,125.0,122.25,123.75,18553
AHUN,2025-11-04,,125.0,123.75,124.75,52303
AHUN,2025-11-06,,124.5,123.0,123.75,71707
AHUN,2025-11-07,,124.75,122.25,124.25,56766
AHUN,2025-11-10,,126.0,122.0,122.25,72925
AHUN,2025-11-11,,128.0,122.5,127.0,249804
AHUN,2025-11-12,,128.0,125.0,126.5,55025
AHUN,2025-11-13,,127.5,124.5,124.75,37619
AHUN,2025-11-14,,125.75,121.25,123.5,310759
AHUN,2025-11-17,,122.0,119.0,119.75,220003
AHUN,2025-11-18,,121.25,115.0,115.25,53174
AHUN,2025-11-19,,118.0,115.0,117.75,51458
AHUN,2025-11-20,,118.0,116.25,117.0,80965
AHUN,2025-11-21,,117.0,115.0,115.75,17403
AHUN,2025-11-24,,117.0,111.5,112.25,63721
AHUN,2025-11-25,,116.75,112.5,116.0,24316
AHUN,2025-11-26,,118.0,117.0,118.0,57638
AHUN,2025-11-27,,118.0,115.0,115.0,100138
AHUN,2025-11-28,,117.0,113.5,114.5,17108
AHUN,2025-12-01,,113.5,100.0,106.5,367434
AHUN,2025-12-02,,109.25,104.0,105.25,238819
AHUN,2025-12-03,,109.0,101.75,102.0,41676
AHUN,2025-12-05,,107.0,102.0,103.25,30967
AHUN,2025-12-08,,107.0,102.0,104.5,43037
AHUN,2025-12-09,,107.0,102.75,106.0,150561
AHUN,2025-12-10,,110.0,106.0,106.75,203145
AHUN,2025-12-11,,107.75,105.0,105.25,26611
AHUN,2025-12-12,,108.0,107.0,108.0,167855
AHUN,2025-12-15,,108.0,107.0,107.5,11578
AHUN,2025-12-16,,107.5,106.0,107.0,12167
AHUN,2025-12-17,,108.0,103.5,107.0,104095
AHUN,2025-12-18,,107.5,106.5,107.0,1920
AHUN,2025-12-19,,107.0,106.0,106.5,3619
AHUN,2025-12-22,,106.5,100.0,102.75,188692
AHUN,2025-12-23,,106.0,102.25,102.75,52238
AHUN,2025-12-24,,105.0,102.0,103.0,16883
AHUN,2025-12-26,,105.25,103.0,105.25,55725
AHUN,2025-12-29,,108.0,105.0,107.0,18274
AHUN,2025-12-30,,112.0,108.0,111.0,20205
AHUN,2025-12-31,,114.0,111.0,113.25,543560
AHUN,2026-01-02,,116.25,112.75,115.25,69848
AHUN,2026-01-05,,120.25,116.0,119.0,129743
AHUN,2026-01-06,,122.0,119.0,121.25,142121
AHUN,2026-01-08,,122.0,116.0,120.5,177059
AHUN,2026-01-09,,121.25,118.25,119.75,33140
AHUN,2026-01-12,,120.0,118.0,119.0,165028
AHUN,2026-01-13,,119.5,118.0,119.0,86183
AHUN,2026-01-14,,119.5,117.0,119.0,172482
AHUN,2026-01-16,,119.5,117.0,119.0,81664
AHUN,2026-01-19,,121.25,119.0,119.75,100696
AHUN,2026-01-20,,121.0,118.0,119.5,135055
AHUN,2026-01-21,,122.75,119.0,121.5,174207
AHUN,2026-01-22,,121.0,118.5,121.0,115953
AHUN,2026-01-23,,121.75,119.5,120.75,204401
AHUN,2026-01-26,,120.25,119.5,120.0,18918
AHUN,2026-01-27,,120.0,118.5,119.0,14338
AHUN,2026-01-28,,120.0,118.0,118.0,5703
AHUN,2026-01-29,,118.0,115.0,115.0,37773
AHUN,2026-01-30,,118.5,113.0,114.25,25948
AHUN,2026-02-02,,117.75,115.0,115.75,42874
AHUN,2026-02-03,,116.5,113.0,114.0,291752
AHUN,2026-02-05,,117.5,114.0,114.0,261198
AHUN,2026-02-06,,117.0,115.25,116.25,2955
AHUN,2026-02-09,,116.75,114.0,114.0,216883
AHUN,2026-02-10,,114.0,106.75,109.25,65412
AHUN,2026-02-11,,116.0,110.0,114.0,5541
AHUN,2026-02-12,,116.5,113.0,113.5,508370
AHUN,2026-02-13,,118.5,114.75,115.0,203059
AHUN,2026-02-16,,118.0,114.5,114.5,50433
AHUN,2026-02-17,,117.0,113.0,113.75,32674
AHUN,2026-02-18,,115.0,113.0,113.5,72033
AHUN,2026-02-19,,115.0,113.75,113.75,24915
AHUN,2026-02-20,,114.0,111.75,113.0,25604
AHUN,2026-02-23,,112.5,111.5,112.25,9768
AHUN,2026-02-24,,112.5,112.0,112.0,58363
AHUN,2026-02-25,,113.25,111.5,112.0,77494
AHUN,2026-02-26,,113.0,110.0,110.25,89348
AHUN,2026-02-27,,113.0,110.25,113.0,16139
APLA,2025-09-02,,975.0,960.25,970.0,1332
APLA,2025-09-03,,975.0,965.0,975.0,2202
APLA,2025-09-04,,995.0,960.25,980.0,5906
APLA,2025-09-08,,1075.0,970.25,1067.0,54773
APLA,2025-09-09,,1098.0,1002.25,1045.25,12141
APLA,2025-09-10,,1140.0,1040.0,1094.5,18828
APLA,2025-09-11,,1128.75,1100.0,1100.0,2532
APLA,2025-09-12,,1152.0,1050.0,1100.75,12731
APLA,2025-09-15,,1149.5,1050.0,1100.25,1804
APLA,2025-09-16,,1175.0,1075.0,1150.0,7642
APLA,2025-09-17,,1210.0,1125.0,1201.0,17923
APLA,2025-09-18,,1245.5,1200.0,1240.0,17296
APLA,2025-09-19,,1235.0,1150.0,1201.0,6413
APLA,2025-09-22,,1223.0,1154.25,1197.75,3661
APLA,2025-09-23,,1200.0,1100.0,1114.25,12479
APLA,2025-09-24,,1149.0,1101.0,1144.5,2349
APLA,2025-09-25,,1198.75,1111.0,1131.25,13208
APLA,2025-09-26,,1270.0,1120.75,1249.5,25178
APLA,2025-09-29,,1391.25,1255.0,1377.75,12931
APLA,2025-09-30,,1465.0,1378.0,1446.0,10726
APLA,2025-10-01,,1525.0,1450.0,1505.25,7020
APLA,2025-10-02,,1540.0,1490.0,1513.25,1218
APLA,2025-10-03,,1650.0,1450.0,1639.5,9492
APLA,2025-10-07,,1780.0,1635.0,1751.25,24179
APLA,2025-10-08,,1768.0,1660.25,1691.75,9297
APLA,2025-10-09,,1750.0,1550.5,1580.75,5925
APLA,2025-10-10,,1950.0,1742.5,1760.25,34102
APLA,2025-10-13,,1792.0,1742.5,1774.75,17251
APLA,2025-10-14,,1799.75,1717.0,1745.25,3110
APLA,2025-10-15,,1774.0,1706.0,1718.25,6351
APLA,2025-10-16,,1749.5,1650.0,1681.25,1730
APLA,2025-10-17,,1742.25,1681.25,1700.0,4946
APLA,2025-10-21,,1730.0,1650.0,1682.25,13091
APLA,2025-10-22,,1729.0,1650.0,1698.0,2467
APLA,2025-10-23,,1699.0,1668.0,1676.75,1734
APLA,2025-10-24,,1699.0,1646.25,1657.5,4476
APLA,2025-10-27,,1697.0,1625.0,1637.25,1693
APLA,2025-10-28,,1700.0,1625.0,1677.0,4082
APLA,2025-10-29,,1750.0,1650.0,1718.75,6486
APLA,2025-10-30,,1750.0,1715.0,1730.0,7473
APLA,2025-10-31,,1748.75,1700.0,1708.5,2415
APLA,2025-11-03,,1744.5,1700.0,1700.0,4140
APLA,2025-11-04,,1744.25,1647.5,1660.25,2666
APLA,2025-11-06,,1697.75,1630.0,1665.5,870
APLA,2025-11-07,,1728.0,1645.0,1672.0,3718
APLA,2025-11-10,,1728.75,1630.25,1643.5,5907
APLA,2025-11-11,,1714.75,1636.25,1650.25,2996
APLA,2025-11-12,,1715.0,1622.0,1694.75,12381
APLA,2025-11-13,,1710.0,1650.0,1655.0,1280
APLA,2025-11-14,,1708.0,1642.25,1697.75,1670
APLA,2025-11-17,,1705.0,1670.0,1678.75,235
APLA,2025-11-18,,1700.0,1626.25,1630.5,10291
APLA,2025-11-19,,1630.0,1620.0,1624.0,5227
APLA,2025-11-20,,1630.0,1600.0,1601.5,4445
APLA,2025-11-21,,1698.75,1630.0,1649.5,1611
APLA,2025-11-24,,1665.0,1610.0,1645.75,2334
APLA,2025-11-25,,1650.0,1611.0,1614.25,1883
APLA,2025-11-26,,1650.0,1595.0,1649.75,1574
APLA,2025-11-27,,1645.5,1549.0,1562.5,2186
APLA,2025-11-28,,1649.25,1505.25,1622.5,415
APLA,2025-12-01,,1663.0,1580.0,1585.25,3769
APLA,2025-12-02,,1646.0,1600.0,1634.75,3442
APLA,2025-12-03,,1649.5,1580.0,1592.0,1305
APLA,2025-12-05,,1649.5,1550.0,1566.0,832
APLA,2025-12-08,,1642.0,1580.0,1616.5,204
APLA,2025-12-09,,1655.0,1601.0,1639.75,7900
APLA,2025-12-10,,1649.5,1630.0,1645.0,4735
APLA,2025-12-11,,1700.0,1611.0,1654.5,9264
APLA,2025-12-12,,1700.0,1690.0,1694.0,6778
APLA,2025-12-15,,1725.0,1650.0,1652.75,2035
APLA,2025-12-16,,1725.0,1650.0,1711.25,345
APLA,2025-12-17,,1700.0,1650.0,1677.0,517
APLA,2025-12-18,,1699.0,1643.0,1646.0,827
APLA,2025-12-29,,170.0,165.0,167.0,28466
APLA,2025-12-30,,168.75,165.0,166.0,20410
APLA,2025-12-31,,199.5,168.0,191.5,198259
APLA,2026-01-02,,204.75,198.25,200.5,229003
APLA,2026-01-05,,203.0,195.0,196.75,97913
APLA,2026-01-06,,199.75,188.5,190.0,61086
APLA,2026-01-08,,190.25,179.5,182.5,87321
APLA,2026-01-09,,190.0,181.75,187.75,289382
APLA,2026-01-12,,189.75,183.0,185.25,63709
APLA,2026-01-13,,185.25,180.0,180.75,93510
APLA,2026-01-14,,183.0,178.75,179.25,82700
APLA,2026-01-16,,179.75,176.5,177.0,39989
APLA,2026-01-19,,177.25,170.0,171.0,84108
APLA,2026-01-20,,183.5,170.0,176.25,135652
APLA,2026-01-21,,184.0,178.0,179.75,80401
APLA,2026-01-22,,185.0,180.0,181.75,40110
APLA,2026-01-23,,185.0,179.0,182.75,19610
APLA,2026-01-26,,184.0,179.0,179.5,18508
APLA,2026-01-27,,181.5,176.0,178.25,26942
APLA,2026-01-28,,181.75,176.0,177.0,61219
APLA,2026-01-29,,181.25,175.0,176.5,35203
APLA,2026-01-30,,178.25,172.5,173.25,43882
APLA,2026-02-02,,177.0,170.0,171.75,28985
APLA,2026-02-03,,176.5,171.0,173.0,6457
APLA,2026-02-05,,176.0,170.0,172.25,15448
APLA,2026-02-06,,175.0,170.0,170.75,42980
APLA,2026-02-09,,171.75,170.0,170.0,9905
APLA,2026-02-10,,170.0,165.0,168.0,14703
APLA,2026-02-11,,176.0,160.5,170.5,35336
APLA,2026-02-12,,175.5,170.0,174.5,22192
APLA,2026-02-13,,176.75,170.0,170.25,9141
APLA,2026-02-16,,174.75,168.0,169.25,51112
APLA,2026-02-17,,171.0,168.0,170.0,61041
APLA,2026-02-18,,174.25,169.0,170.25,123508
APLA,2026-02-19,,174.25,169.0,169.25,9917
APLA,2026-02-20,,170.0,165.0,168.25,16788
APLA,2026-02-23,,172.75,168.0,169.5,7725
APLA,2026-02-24,,170.0,168.0,169.0,13619
APLA,2026-02-25,,169.75,167.0,167.5,6423
APLA,2026-02-26,,168.75,164.0,166.0,26689
APLA,2026-02-27,,169.75,164.0,164.5,34003
BFL,2025-09-02,,239.0,226.5,236.75,87848
BFL,2025-09-03,,248.25,233.25,242.25,265974
BFL,2025-09-04,,244.25,241.0,243.0,69002
BFL,2025-09-08,,244.0,237.0,241.25,35185
BFL,2025-09-09,,244.0,235.0,236.75,32401
BFL,2025-09-10,,243.0,232.0,241.0,42664
BFL,2025-09-11,,245.0,239.5,241.75,55545
BFL,2025-09-12,,247.0,235.0,244.25,60444
BFL,2025-09-15,,246.75,242.0,242.25,15099
BFL,2025-09-16,,258.5,243.0,257.75,137185
BFL,2025-09-17,,280.0,259.0,271.0,164284
BFL,2025-09-18,,277.5,266.0,277.0,87555
BFL,2025-09-19,,312.75,279.0,310.5,471462
BFL,2025-09-22,,325.0,315.0,318.75,168489
BFL,2025-09-23,,325.0,315.0,322.25,119864
BFL,2025-09-24,,325.0,318.0,320.75,74301
BFL,2025-09-25,,330.0,317.0,325.0,58122
BFL,2025-09-26,,365.0,327.5,351.0,392454
BFL,2025-09-29,,374.0,355.0,358.75,182961
BFL,2025-09-30,,366.75,359.0,360.25,139935
BFL,2025-10-01,,373.0,360.0,368.25,50708
BFL,2025-10-02,,372.5,359.0,359.5,22848
BFL,2025-10-03,,369.0,356.25,359.25,16850
BFL,2025-10-07,,375.0,353.5,364.5,10475
BFL,2025-10-08,,369.75,350.0,355.0,31855
BFL,2025-10-09,,368.75,358.5,363.5,76355
BFL,2025-10-10,,385.0,365.0,384.25,255677
BFL,2025-10-13,,395.0,384.25,390.5,61682
BFL,2025-10-14,,398.0,390.0,394.0,88094
BFL,2025-10-15,,399.0,384.5,388.5,34764
BFL,2025-10-16,,394.5,380.0,386.0,3024
BFL,2025-10-17,,390.0,380.0,382.25,5434
BFL,2025-10-21,,385.0,370.0,376.75,31840
BFL,2025-10-22,,389.75,376.25,384.75,77362
BFL,2025-10-23,,470.0,409.75,458.25,249279
BFL,2025-10-24,,470.0,444.0,448.75,137571
BFL,2025-10-27,,455.0,446.0,448.25,30153
BFL,2025-10-28,,448.0,440.0,442.75,87342
BFL,2025-10-29,,450.0,440.0,448.25,113365
BFL,2025-10-30,,460.0,450.0,453.0,17267
BFL,2025-10-31,,453.5,448.0,448.75,5408
BFL,2025-11-03,,448.75,440.25,447.25,5558
BFL,2025-11-04,,449.25,440.0,449.0,2185
BFL,2025-11-06,,449.5,441.75,442.25,25942
BFL,2025-11-07,,452.0,440.25,449.0,43856
BFL,2025-11-10,,454.5,440.25,449.75,18122
BFL,2025-11-11,,454.0,440.0,442.0,17780
BFL,2025-11-12,,450.0,439.0,439.75,5998
BFL,2025-11-13,,449.0,439.0,445.0,14374
BFL,2025-11-14,,450.0,440.0,450.0,32076
BFL,2025-11-17,,450.0,440.0,441.5,8359
BFL,2025-11-18,,450.0,441.0,448.75,30051
BFL,2025-11-19,,449.25,444.25,448.75,4243
BFL,2025-11-20,,451.75,447.5,450.0,33337
BFL,2025-11-21,,455.0,440.0,444.0,25874
BFL,2025-11-24,,450.0,420.0,435.25,24976
BFL,2025-11-25,,442.0,426.0,440.5,5902
BFL,2025-11-26,,442.0,440.0,441.75,6794
BFL,2025-11-27,,441.5,433.0,433.25,13741
BFL,2025-11-28,,438.0,430.0,433.25,4814
BFL,2025-12-01,,430.0,385.25,420.75,24739
BFL,2025-12-02,,440.0,390.0,397.0,124666
BFL,2025-12-03,,400.0,358.0,380.0,122424
BFL,2025-12-05,,394.0,371.25,375.5,67689
BFL,2025-12-08,,390.0,375.0,378.0,49907
BFL,2025-12-09,,409.0,376.0,400.0,169151
BFL,2025-12-10,,417.0,405.0,410.25,16567
BFL,2025-12-11,,418.5,407.0,410.0,37861
BFL,2025-12-12,,421.0,410.0,419.75,43527
BFL,2025-12-15,,425.0,415.0,416.0,51861
BFL,2025-12-16,,418.0,415.0,415.5,13874
BFL,2025-12-17,,418.0,405.0,411.5,18463
BFL,2025-12-26,,84.9,80.0,81.9,106287
BFL,2025-12-29,,82.8,80.3,80.4,99684
BFL,2025-12-30,,82.5,80.0,81.6,122218
BFL,2025-12-31,,86.5,81.5,83.5,202084
BFL,2026-01-02,,87.0,85.2,86.3,154125
BFL,2026-01-05,,90.0,80.0,89.3,249053
BFL,2026-01-06,,98.5,89.6,97.2,1265703
BFL,2026-01-08,,98.6,94.0,95.0,570331
BFL,2026-01-09,,97.7,94.0,96.6,937382
BFL,2026-01-12,,97.4,94.0,94.6,282085
BFL,2026-01-13,,95.7,93.8,93.9,199372
BFL,2026-01-14,,94.6,93.5,93.7,183648
BFL,2026-01-16,,95.0,93.0,93.7,483425
BFL,2026-01-19,,94.6,93.0,93.1,89740
BFL,2026-01-20,,93.5,91.5,92.1,64652
BFL,2026-01-21,,94.8,92.0,94.0,551624
BFL,2026-01-22,,98.4,93.0,98.1,909659
BFL,2026-01-23,,99.0,97.0,97.3,138019
BFL,2026-01-26,,97.0,94.5,94.8,48607
BFL,2026-01-27,,95.0,93.0,94.1,136373
BFL,2026-01-28,,94.7,92.0,93.0,166729
BFL,2026-01-29,,93.8,90.0,90.2,492811
BFL,2026-01-30,,90.0,85.0,88.2,409028
BFL,2026-02-02,,92.5,87.9,88.1,131808
BFL,2026-02-03,,90.0,85.1,89.0,66807
BFL,2026-02-05,,90.0,87.5,88.0,175830
BFL,2026-02-06,,90.0,86.5,86.9,69729
BFL,2026-02-09,,88.0,86.0,86.6,70092
BFL,2026-02-10,,86.6,84.9,85.1,132263
BFL,2026-02-11,,85.1,81.0,84.1,479412
BFL,2026-02-12,,84.0,83.3,83.7,17300
BFL,2026-02-13,,86.5,83.3,85.4,42732
BFL,2026-02-16,,87.0,84.5,84.9,70867
BFL,2026-02-17,,89.5,84.9,86.9,33016
BFL,2026-02-18,,89.0,85.0,85.3,45959
BFL,2026-02-19,,87.0,82.6,83.2,171950
BFL,2026-02-20,,85.0,82.0,82.2,88470
BFL,2026-02-23,,86.0,82.0,82.3,183128
BFL,2026-02-24,,84.5,80.5,81.1,148489
BFL,2026-02-25,,83.5,82.0,82.7,26936
BFL,2026-02-26,,84.9,82.7,84.0,77250
BFL,2026-02-27,,87.5,84.0,85.3,40928
CARS,2025-09-02,,828.25,796.0,800.25,1553
CARS,2025-09-03,,826.75,790.25,801.75,145
CARS,2025-09-04,,810.0,785.0,789.5,1057
CARS,2025-09-08,,825.0,789.0,815.5,2271
CARS,2025-09-09,,824.25,800.0,800.0,30690
CARS,2025-09-10,,819.75,790.0,800.0,1414
CARS,2025-09-11,,805.0,799.75,799.75,1173
CARS,2025-09-12,,805.0,796.0,799.5,865
CARS,2025-09-15,,797.75,786.25,787.0,1336
CARS,2025-09-16,,796.75,772.0,781.25,102
CARS,2025-09-17,,791.0,780.0,790.25,8050
CARS,2025-09-18,,797.0,788.5,789.5,267
CARS,2025-09-19,,790.0,787.0,789.25,110
CARS,2025-09-22,,800.0,789.5,790.5,981
CARS,2025-09-23,,800.0,751.0,760.75,297
CARS,2025-09-24,,786.0,765.25,785.5,428
CARS,2025-09-25,,780.0,768.0,780.0,1700
CARS,2025-09-26,,789.0,768.25,789.0,129
CARS,2025-09-29,,895.0,790.0,881.0,23658
CARS,2025-09-30,,890.0,845.0,869.75,7020
CARS,2025-10-01,,889.5,848.0,849.0,3798
CARS,2025-10-02,,864.0,840.0,849.0,1343
CARS,2025-10-03,,848.0,828.0,832.5,3584
CARS,2025-10-07,,839.0,825.0,832.75,1075
CARS,2025-10-08,,850.0,830.0,845.0,11784
CARS,2025-10-09,,980.0,855.0,903.5,239530
CARS,2025-10-10,,935.0,900.0,903.5,33782
CARS,2025-10-13,,930.0,902.0,920.75,141634
CARS,2025-10-14,,930.0,895.0,900.75,7631
CARS,2025-10-15,,904.75,896.0,896.25,1281
CARS,2025-10-16,,900.0,892.0,897.0,1684
CARS,2025-10-17,,900.0,895.0,896.5,3553
CARS,2025-10-21,,904.0,897.25,900.25,756
CARS,2025-10-22,,902.5,893.0,894.25,1700
CARS,2025-10-23,,900.0,893.5,894.25,1351
CARS,2025-10-24,,893.0,878.0,878.25,1207
CARS,2025-10-27,,888.0,870.25,874.5,280
CARS,2025-10-28,,879.0,850.0,858.5,2639
CARS,2025-10-29,,949.0,840.0,852.0,4690
CARS,2025-10-30,,860.0,826.0,855.0,3779
CARS,2025-10-31,,829.0,799.0,813.75,8831
CARS,2025-11-03,,824.0,800.25,823.75,505
CARS,2025-11-04,,820.0,800.0,808.0,962
CARS,2025-11-06,,820.0,799.5,800.5,735
CARS,2025-11-07,,819.0,800.0,800.5,661
CARS,2025-11-10,,800.0,789.5,799.25,7267
CARS,2025-11-11,,800.0,761.25,798.5,4114
CARS,2025-11-12,,798.5,775.0,775.5,1100
CARS,2025-11-13,,796.0,776.5,790.0,210
CARS,2025-11-14,,794.0,785.0,789.75,779
CARS,2025-11-17,,815.0,789.75,791.75,4536
CARS,2025-11-18,,791.75,780.75,781.5,2093
CARS,2025-11-19,,798.5,770.0,773.5,316
CARS,2025-11-20,,799.0,782.0,794.75,2563
CARS,2025-11-21,,792.0,780.0,787.0,2038
CARS,2025-11-24,,780.0,755.0,756.0,2098
CARS,2025-11-25,,778.0,756.25,773.75,1463
CARS,2025-11-26,,790.0,779.0,789.5,662
CARS,2025-11-27,,780.0,770.0,770.0,455
CARS,2025-11-28,,788.75,768.5,784.0,195
CARS,2025-12-01,,788.75,750.25,764.0,456
CARS,2025-12-02,,780.0,765.0,765.0,602
CARS,2025-12-03,,765.25,752.0,759.75,1711
CARS,2025-12-05,,760.0,730.0,736.75,2828
CARS,2025-12-08,,750.0,730.0,743.5,1969
CARS,2025-12-09,,743.75,735.0,740.25,363
CARS,2025-12-10,,774.0,743.0,768.75,1446
CARS,2025-12-11,,775.0,773.0,774.75,2014
CARS,2025-12-12,,799.75,770.0,774.25,137
CARS,2025-12-15,,797.0,765.0,765.0,717
CARS,2025-12-16,,780.0,750.0,752.5,215
CARS,2025-12-17,,780.0,770.0,774.75,182
CARS,2025-12-18,,770.0,760.0,763.5,130
CARS,2025-12-19,,775.0,767.0,775.0,350
CARS,2025-12-22,,779.0,766.25,772.75,202
CARS,2025-12-23,,770.0,750.0,751.5,1310
CARS,2025-12-24,,769.75,750.0,751.5,67
CARS,2025-12-26,,751.0,746.0,750.0,602
CARS,2025-12-29,,755.0,740.0,745.5,1513
CARS,2025-12-30,,755.0,741.0,743.0,212
CARS,2025-12-31,,755.0,741.75,755.0,207
CARS,2026-01-02,,755.0,745.0,747.25,1630
CARS,2026-01-05,,800.0,743.0,797.75,5737
CARS,2026-01-06,,797.0,775.0,779.25,2655
CARS,2026-01-08,,796.0,753.0,755.75,2713
CARS,2026-01-09,,789.0,767.0,783.0,1106
CARS,2026-01-12,,782.0,770.25,772.0,2436
CARS,2026-01-13,,772.0,750.0,770.5,1467
CARS,2026-01-14,,780.75,750.0,776.5,1768
CARS,2026-01-16,,780.0,750.0,750.25,2032
CARS,2026-01-19,,778.0,760.0,761.0,821
CARS,2026-01-20,,778.0,753.0,754.75,1028
CARS,2026-01-21,,749.0,689.75,690.0,16674
CARS,2026-01-22,,730.0,690.0,697.5,7753
CARS,2026-01-23,,700.0,693.25,694.5,4026
CARS,2026-01-26,,705.0,695.25,700.25,4175
CARS,2026-01-27,,700.0,699.75,700.0,2053
CARS,2026-01-28,,729.75,705.0,721.75,1194
CARS,2026-01-29,,721.75,698.25,700.0,5621
CARS,2026-01-30,,749.75,699.0,709.5,15894
CARS,2026-02-02,,749.5,697.0,700.0,2090
CARS,2026-02-03,,700.0,698.25,699.25,254
CARS,2026-02-05,,699.75,697.0,697.0,1957
CARS,2026-02-06,,698.0,571.0,676.0,4796
CARS,2026-02-09,,697.0,675.0,677.5,843
CARS,2026-02-10,,689.0,685.0,687.75,161
CARS,2026-02-11,,690.0,679.75,680.0,1168
CARS,2026-02-12,,690.0,670.0,670.25,1758
CARS,2026-02-13,,690.0,670.0,672.5,1812
CARS,2026-02-16,,689.75,650.0,653.5,4021
CARS,2026-02-17,,680.0,650.0,670.0,3157
CARS,2026-02-18,,670.0,646.0,660.0,1067
CARS,2026-02-19,,656.25,649.5,650.0,6059
CARS,2026-02-20,,669.75,645.0,648.0,1325
CARS,2026-02-23,,660.0,645.0,647.5,694
CARS,2026-02-24,,649.75,641.0,644.75,130
CARS,2026-02-25,,648.0,640.0,647.75,595
CARS,2026-02-26,,647.5,630.0,630.0,1260
CARS,2026-02-27,,639.0,625.0,626.5,2654
COMB,2025-09-02,,195.0,193.0,193.25,444995
COMB,2025-09-03,,194.0,191.5,192.5,221726
COMB,2025-09-04,,195.0,191.75,192.5,252942
COMB,2025-09-08,,193.0,190.5,190.75,324981
COMB,2025-09-09,,191.0,188.0,190.0,667275
COMB,2025-09-10,,192.75,188.0,191.0,460556
COMB,2025-09-11,,191.0,189.25,190.0,126956
COMB,2025-09-12,,190.0,187.0,187.0,489844
COMB,2025-09-15,,190.0,181.75,182.75,456583
COMB,2025-09-16,,188.75,182.5,186.5,229947
COMB,2025-09-17,,191.75,188.5,190.0,249590
COMB,2025-09-18,,191.0,188.0,190.0,1191165
COMB,2025-09-19,,190.5,189.5,190.25,175309
COMB,2025-09-22,,194.0,191.0,193.25,2962855
COMB,2025-09-23,,195.25,190.0,192.5,1737269
COMB,2025-09-24,,195.0,193.0,194.0,676744
COMB,2025-09-25,,195.0,192.75,193.0,1432478
COMB,2025-09-26,,194.0,193.25,193.5,2036191
COMB,2025-09-29,,194.5,192.5,193.0,609671
COMB,2025-09-30,,194.0,192.5,192.75,562732
COMB,2025-10-01,,194.0,193.0,193.75,1889944
COMB,2025-10-02,,194.0,193.25,193.25,4616683
COMB,2025-10-03,,195.0,193.5,194.75,4269881
COMB,2025-10-07,,198.0,195.75,196.25,1854748
COMB,2025-10-08,,198.0,196.5,197.0,3471565
COMB,2025-10-09,,204.0,198.0,203.25,29080805
COMB,2025-10-10,,206.0,203.5,205.0,1441567
COMB,2025-10-13,,205.5,200.0,203.5,256393
COMB,2025-10-14,,204.75,203.0,204.0,220661
COMB,2025-10-15,,206.75,203.25,204.25,408150
COMB,2025-10-16,,206.0,203.75,205.0,575148
COMB,2025-10-17,,206.75,204.0,206.5,478496
COMB,2025-10-21,,207.0,206.0,206.75,742720
COMB,2025-10-22,,207.5,205.75,206.0,513828
COMB,2025-10-23,,207.0,204.5,205.0,592305
COMB,2025-10-24,,206.0,204.0,205.5,617090
COMB,2025-10-27,,206.0,204.0,205.0,294072
COMB,2025-10-28,,205.5,203.5,204.0,438014
COMB,2025-10-29,,204.75,202.75,204.5,320045
COMB,2025-10-30,,205.0,203.5,204.75,381520
COMB,2025-10-31,,205.75,204.5,205.0,547123
COMB,2025-11-03,,207.5,205.0,207.25,882922
COMB,2025-11-04,,209.0,207.0,207.75,808491
COMB,2025-11-06,,209.0,207.25,208.0,825633
COMB,2025-11-07,,213.0,208.0,212.25,438214
COMB,2025-11-10,,216.0,213.5,215.75,726723
COMB,2025-11-11,,217.0,215.5,216.75,1047280
COMB,2025-11-12,,218.0,216.5,216.75,303183
COMB,2025-11-13,,218.0,215.0,215.25,666242
COMB,2025-11-14,,215.5,214.0,214.75,482128
COMB,2025-11-17,,214.75,212.0,212.75,595522
COMB,2025-11-18,,214.5,211.5,212.0,331838
COMB,2025-11-19,,212.0,206.25,209.5,387029
COMB,2025-11-20,,211.0,208.5,210.0,1474134
COMB,2025-11-21,,211.5,210.0,210.0,574264
COMB,2025-11-24,,211.0,206.5,208.25,521198
COMB,2025-11-25,,210.0,208.0,209.0,321083
COMB,2025-11-26,,211.75,209.25,209.5,318411
COMB,2025-11-27,,209.5,207.0,207.75,158228
COMB,2025-11-28,,208.5,206.5,208.0,197593
COMB,2025-12-01,,205.0,170.0,200.25,939539
COMB,2025-12-02,,204.5,197.5,201.5,343342
COMB,2025-12-03,,202.25,197.25,198.0,450230
COMB,2025-12-05,,200.0,192.75,194.0,1246022
COMB,2025-12-08,,195.75,192.5,193.0,389316
COMB,2025-12-09,,199.75,192.25,198.25,363827
COMB,2025-12-10,,203.0,199.75,201.0,833921
COMB,2025-12-11,,203.0,199.75,201.5,499547
COMB,2025-12-12,,201.75,199.5,200.5,304551
COMB,2025-12-15,,201.75,197.75,198.0,213081
COMB,2025-12-16,,200.0,198.0,200.0,213826
COMB,2025-12-17,,200.5,198.0,198.5,298383
COMB,2025-12-18,,200.0,198.0,198.0,258433
COMB,2025-12-19,,199.75,198.25,199.5,105855
COMB,2025-12-22,,200.0,198.0,198.5,106381
COMB,2025-12-23,,199.0,197.0,198.0,279924
COMB,2025-12-24,,199.0,198.0,198.5,94417
COMB,2025-12-26,,199.0,198.0,198.75,94700
COMB,2025-12-29,,199.5,198.0,198.25,620237
COMB,2025-12-30,,201.0,198.25,200.75,2197323
COMB,2025-12-31,,203.0,200.0,200.75,251229
COMB,2026-01-02,,203.0,201.0,203.0,350627
COMB,2026-01-05,,210.0,203.25,207.25,1372480
COMB,2026-01-06,,213.0,210.0,212.5,3389951
COMB,2026-01-08,,216.5,214.5,216.0,4540845
COMB,2026-01-09,,219.0,215.5,218.25,383668
COMB,2026-01-12,,220.25,218.25,219.5,1811540
COMB,2026-01-13,,220.0,219.0,219.75,1137244
COMB,2026-01-14,,220.0,219.0,219.75,1076506
COMB,2026-01-16,,225.0,220.0,225.0,986056
COMB,2026-01-19,,225.0,222.0,222.75,481205
COMB,2026-01-20,,224.75,222.25,224.25,156317
COMB,2026-01-21,,225.0,224.0,225.0,271617
COMB,2026-01-22,,226.0,224.0,225.0,602804
COMB,2026-01-23,,229.0,225.5,228.5,375695
COMB,2026-01-26,,229.5,227.25,227.75,177775
COMB,2026-01-27,,228.0,225.0,227.25,116887
COMB,2026-01-28,,229.0,227.0,227.25,205647
COMB,2026-01-29,,229.0,225.75,227.75,220114
COMB,2026-01-30,,229.0,226.0,227.0,60137
COMB,2026-02-02,,228.75,223.0,224.75,126378
COMB,2026-02-03,,228.0,224.0,224.5,14657577
COMB,2026-02-05,,226.0,224.0,224.5,3165442
COMB,2026-02-06,,226.0,224.5,225.0,11034178
COMB,2026-02-09,,228.5,225.0,227.75,180125
COMB,2026-02-10,,228.0,226.0,227.75,195901
COMB,2026-02-11,,228.0,226.5,228.0,140805
COMB,2026-02-12,,229.0,227.0,228.5,673172
COMB,2026-02-13,,231.25,228.0,230.25,741342
COMB,2026-02-16,,235.25,230.25,234.5,566071
COMB,2026-02-17,,235.0,233.0,233.75,155982
COMB,2026-02-18,,235.0,233.5,234.0,342278
COMB,2026-02-19,,234.75,232.0,233.0,171221
COMB,2026-02-20,,232.0,229.5,230.5,221444
COMB,2026-02-23,,234.0,231.0,231.25,54668
COMB,2026-02-24,,233.0,230.0,230.75,312726
COMB,2026-02-25,,232.0,229.25,230.0,114221
COMB,2026-02-26,,231.0,228.0,228.75,75672
COMB,2026-02-27,,225.5,210.0,221.5,2404024
DIPD,2025-09-02,,61.2,59.6,59.8,585353
DIPD,2025-09-03,,60.0,58.9,59.1,1043618
DIPD,2025-09-04,,60.0,58.9,59.0,148163
DIPD,2025-09-08,,59.2,58.6,58.9,206142
DIPD,2025-09-09,,59.6,57.7,58.0,1292137
DIPD,2025-09-10,,58.5,56.5,57.1,729913
DIPD,2025-09-11,,57.9,56.5,56.7,475325
DIPD,2025-09-12,,57.2,56.4,56.6,819161
DIPD,2025-09-15,,57.9,55.8,56.0,865698
DIPD,2025-09-16,,57.2,55.8,56.5,509676
DIPD,2025-09-17,,57.9,56.9,57.1,273783
DIPD,2025-09-18,,60.0,57.1,59.1,568223
DIPD,2025-09-19,,61.2,59.2,60.4,947773
DIPD,2025-09-22,,62.3,60.6,62.1,1391724
DIPD,2025-09-23,,64.3,61.8,64.1,2950531
DIPD,2025-09-24,,64.0,62.8,63.4,1341172
DIPD,2025-09-25,,66.3,64.0,65.9,5402416
DIPD,2025-09-26,,67.5,65.3,67.0,2883296
DIPD,2025-09-29,,67.0,65.0,66.7,1303959
DIPD,2025-09-30,,67.5,65.8,67.1,2178006
DIPD,2025-10-01,,67.3,66.0,67.0,1592688
DIPD,2025-10-02,,66.6,65.7,65.8,506625
DIPD,2025-10-03,,72.0,66.1,71.0,9264600
DIPD,2025-10-07,,74.5,71.2,71.5,1862953
DIPD,2025-10-08,,71.7,69.5,70.4,702861
DIPD,2025-10-09,,70.8,69.8,70.0,1122108
DIPD,2025-10-10,,71.0,70.0,70.3,832001
DIPD,2025-10-13,,70.3,69.0,69.0,511791
DIPD,2025-10-14,,69.9,67.9,68.7,843397
DIPD,2025-10-15,,69.4,68.1,68.7,246331
DIPD,2025-10-16,,69.0,67.7,68.0,1973847
DIPD,2025-10-17,,68.5,67.6,68.0,462133
DIPD,2025-10-21,,68.4,67.6,68.0,473211
DIPD,2025-10-22,,68.4,66.9,67.5,200895
DIPD,2025-10-23,,70.4,67.6,69.8,4528442
DIPD,2025-10-24,,70.4,69.1,69.5,2060980
DIPD,2025-10-27,,70.3,69.5,69.5,345322
DIPD,2025-10-28,,69.5,67.6,68.0,1125319
DIPD,2025-10-29,,69.1,68.0,68.9,296642
DIPD,2025-10-30,,69.0,68.0,68.2,156186
DIPD,2025-10-31,,69.0,67.9,68.4,455428
DIPD,2025-11-03,,68.4,67.5,67.6,234873
DIPD,2025-11-04,,67.7,66.8,67.0,1753338
DIPD,2025-11-06,,67.0,66.5,66.6,136776
DIPD,2025-11-07,,68.9,66.6,67.9,1301160
DIPD,2025-11-10,,69.0,66.4,66.4,373954
DIPD,2025-11-11,,68.0,66.4,66.7,822608
DIPD,2025-11-12,,67.0,64.7,64.8,695807
DIPD,2025-11-13,,65.3,63.5,63.7,241471
DIPD,2025-11-14,,65.0,63.0,64.0,287642
DIPD,2025-11-17,,64.0,62.4,63.2,368786
DIPD,2025-11-18,,64.5,62.4,63.7,1005020
DIPD,2025-11-19,,64.4,63.0,64.0,999163
DIPD,2025-11-20,,64.0,63.5,63.5,271608
DIPD,2025-11-21,,64.0,63.1,63.3,111678
DIPD,2025-11-24,,63.9,62.0,62.4,130289
DIPD,2025-11-25,,64.0,62.0,63.0,336831
DIPD,2025-11-26,,63.9,62.3,62.9,200759
DIPD,2025-11-27,,64.0,63.1,63.5,97515
DIPD,2025-11-28,,63.9,62.5,63.5,246649
DIPD,2025-12-01,,62.1,60.1,60.7,363318
DIPD,2025-12-02,,62.8,59.8,60.1,2340760
DIPD,2025-12-03,,61.9,59.8,60.1,236779
DIPD,2025-12-05,,62.0,59.3,59.5,280279
DIPD,2025-12-08,,60.0,59.1,59.3,165250
DIPD,2025-12-09,,59.9,59.0,59.3,318651
DIPD,2025-12-10,,61.8,59.8,61.1,561703
DIPD,2025-12-11,,61.2,60.3,60.4,173830
DIPD,2025-12-12,,61.2,60.4,60.7,176508
DIPD,2025-12-15,,61.6,60.0,60.0,106917
DIPD,2025-12-16,,60.5,59.5,60.1,84523
DIPD,2025-12-17,,60.6,59.5,60.5,50479
DIPD,2025-12-18,,60.6,59.8,59.8,90940
DIPD,2025-12-19,,60.5,59.5,59.7,54882
DIPD,2025-12-22,,60.0,58.3,58.5,264425
DIPD,2025-12-23,,59.8,58.7,59.4,37394
DIPD,2025-12-24,,59.5,58.5,58.7,125512
DIPD,2025-12-26,,59.5,58.8,59.0,49454
DIPD,2025-12-29,,59.3,58.8,59.0,159734
DIPD,2025-12-30,,60.8,59.0,60.4,214999
DIPD,2025-12-31,,62.0,60.7,61.1,171987
DIPD,2026-01-02,,64.8,61.5,64.4,1621483
DIPD,2026-01-05,,65.0,64.1,64.5,2968778
DIPD,2026-01-06,,64.5,64.0,64.2,539470
DIPD,2026-01-08,,65.0,63.4,63.7,133829
DIPD,2026-01-09,,64.5,62.1,62.4,296697
DIPD,2026-01-12,,63.5,62.3,62.5,74700
DIPD,2026-01-13,,63.4,61.0,61.8,130010
DIPD,2026-01-14,,62.4,61.0,62.2,873531
DIPD,2026-01-16,,63.0,62.0,62.4,320971
DIPD,2026-01-19,,62.9,62.0,62.2,558305
DIPD,2026-01-20,,62.2,61.1,61.8,478055
DIPD,2026-01-21,,65.6,62.0,64.5,1691255
DIPD,2026-01-22,,64.5,62.9,63.1,1579992
DIPD,2026-01-23,,64.0,62.5,63.7,1229646
DIPD,2026-01-26,,63.5,61.9,62.3,514958
DIPD,2026-01-27,,62.8,62.0,62.3,159637
DIPD,2026-01-28,,64.0,62.0,62.2,2170725
DIPD,2026-01-29,,63.0,61.8,61.9,392301
DIPD,2026-01-30,,62.3,59.8,60.1,427002
DIPD,2026-02-02,,61.5,59.7,60.0,349067
DIPD,2026-02-03,,61.4,58.8,59.6,526724
DIPD,2026-02-05,,60.4,59.8,60.1,99651
DIPD,2026-02-06,,60.4,59.9,60.0,110915
DIPD,2026-02-09,,60.4,59.0,59.1,171778
DIPD,2026-02-10,,60.4,58.9,59.0,302673
DIPD,2026-02-11,,59.5,58.8,58.8,210295
DIPD,2026-02-12,,59.0,58.4,58.8,102416
DIPD,2026-02-13,,59.0,58.5,59.0,113671
DIPD,2026-02-16,,59.4,58.4,58.6,495607
DIPD,2026-02-17,,60.0,58.6,58.7,200490
DIPD,2026-02-18,,59.8,57.7,58.1,1419207
DIPD,2026-02-19,,59.8,57.4,57.5,3351289
DIPD,2026-02-20,,58.9,57.1,58.2,253771
DIPD,2026-02-23,,59.9,57.8,57.9,193771
DIPD,2026-02-24,,58.5,57.5,58.0,320798
DIPD,2026-02-25,,58.5,57.4,57.8,316730
DIPD,2026-02-26,,58.0,57.1,57.4,221908
DIPD,2026-02-27,,58.0,57.1,57.7,123782
DIST,2025-09-02,,46.2,45.0,46.0,133593
DIST,2025-09-03,,46.9,45.5,45.5,45530
DIST,2025-09-04,,46.8,45.6,45.8,25671
DIST,2025-09-08,,46.0,45.5,45.5,42611
DIST,2025-09-09,,46.8,45.9,46.0,704598
DIST,2025-09-10,,46.4,45.0,46.2,402313
DIST,2025-09-11,,46.4,45.5,45.5,1733126
DIST,2025-09-12,,46.0,45.3,45.3,21231
DIST,2025-09-15,,45.9,44.9,45.0,50930
DIST,2025-09-16,,45.9,44.9,45.3,124895
DIST,2025-09-17,,46.1,45.5,46.0,165106
DIST,2025-09-18,,46.4,45.8,46.2,41363
DIST,2025-09-19,,46.4,45.8,46.0,115464
DIST,2025-09-22,,46.2,45.8,46.0,30920
DIST,2025-09-23,,46.3,45.9,46.3,48512
DIST,2025-09-24,,48.2,46.3,47.2,714404
DIST,2025-09-25,,59.0,48.0,55.9,3958438
DIST,2025-09-26,,56.9,55.0,55.4,1108653
DIST,2025-09-29,,55.7,54.5,55.0,1165507
DIST,2025-09-30,,55.7,54.5,55.0,627495
DIST,2025-10-01,,58.0,55.8,56.9,545746
DIST,2025-10-02,,59.1,56.5,58.7,956889
DIST,2025-10-03,,64.0,59.7,62.9,3519937
DIST,2025-10-07,,67.4,62.3,66.6,1908665
DIST,2025-10-08,,67.5,65.0,66.5,397432
DIST,2025-10-09,,66.8,65.1,65.5,96357
DIST,2025-10-10,,66.0,64.2,64.5,264667
DIST,2025-10-13,,64.4,62.0,63.5,162307
DIST,2025-10-14,,63.9,62.5,62.7,257360
DIST,2025-10-15,,64.0,63.0,63.2,14658
DIST,2025-10-16,,63.7,63.1,63.2,23107
DIST,2025-10-17,,63.5,62.6,63.1,126552
DIST,2025-10-21,,63.0,62.0,62.2,219772
DIST,2025-10-22,,62.0,61.2,61.9,132553
DIST,2025-10-23,,62.0,61.2,61.5,256475
DIST,2025-10-24,,61.7,61.5,61.5,267045
DIST,2025-10-27,,62.4,61.5,61.6,51457
DIST,2025-10-28,,62.0,60.5,61.5,163986
DIST,2025-10-29,,62.0,60.5,61.0,61846
DIST,2025-10-30,,62.5,61.0,62.4,84127
DIST,2025-10-31,,63.8,61.5,62.0,107258
DIST,2025-11-03,,62.0,61.2,61.6,609134
DIST,2025-11-04,,61.9,61.2,61.8,893095
DIST,2025-11-06,,62.1,61.0,61.9,44212
DIST,2025-11-07,,62.5,61.3,62.4,33634
DIST,2025-11-10,,66.1,62.0,64.4,451371
DIST,2025-11-11,,66.0,64.0,65.4,1424503
DIST,2025-11-12,,65.5,64.6,65.0,156325
DIST,2025-11-13,,65.0,64.0,64.3,84246
DIST,2025-11-14,,65.0,63.0,64.0,28942
DIST,2025-11-17,,65.0,63.7,64.0,1139655
DIST,2025-11-18,,64.7,63.0,63.5,175196
DIST,2025-11-19,,63.8,62.0,62.2,43140
DIST,2025-11-20,,63.2,62.1,62.2,30487
DIST,2025-11-21,,63.0,61.4,61.8,209716
DIST,2025-11-24,,61.9,60.0,60.5,44118
DIST,2025-11-25,,63.0,60.7,62.9,113283
DIST,2025-11-26,,62.9,61.9,62.0,113605
DIST,2025-11-27,,62.9,60.5,60.6,45245
DIST,2025-11-28,,61.9,60.1,61.8,22837
DIST,2025-12-01,,61.5,59.0,59.7,399532
DIST,2025-12-02,,60.5,59.0,60.0,94381
DIST,2025-12-03,,60.0,57.7,58.1,107623
DIST,2025-12-05,,58.6,56.7,57.0,183743
DIST,2025-12-08,,57.8,54.9,55.1,391412
DIST,2025-12-09,,57.4,54.9,55.2,863097
DIST,2025-12-10,,59.0,55.9,58.7,508859
DIST,2025-12-11,,59.0,58.4,58.5,55353
DIST,2025-12-12,,59.0,57.0,57.1,63492
DIST,2025-12-15,,56.9,56.6,56.7,62433
DIST,2025-12-16,,58.0,56.1,57.3,32274
DIST,2025-12-17,,58.0,56.5,57.3,12277
DIST,2025-12-18,,57.9,56.5,57.8,8496
DIST,2025-12-19,,57.9,57.1,57.5,11732
DIST,2025-12-22,,57.5,55.5,57.3,73084
DIST,2025-12-23,,57.5,56.7,57.0,12189
DIST,2025-12-24,,58.6,57.0,58.0,139811
DIST,2025-12-26,,59.5,58.0,58.3,74411
DIST,2025-12-29,,59.5,58.0,58.1,47668
DIST,2025-12-30,,58.5,57.4,57.5,228736
DIST,2025-12-31,,59.5,57.4,59.0,119529
DIST,2026-01-02,,63.0,59.1,62.9,419661
DIST,2026-01-05,,63.8,62.8,63.7,117390
DIST,2026-01-06,,63.8,62.7,62.9,488533
DIST,2026-01-08,,64.0,62.0,62.3,1385622
DIST,2026-01-09,,62.7,61.8,62.0,127048
DIST,2026-01-12,,64.1,61.8,62.1,33835
DIST,2026-01-13,,63.8,61.9,62.0,114961
DIST,2026-01-14,,63.0,60.8,61.5,56979
DIST,2026-01-16,,62.0,61.5,62.0,30905
DIST,2026-01-19,,62.0,59.8,60.0,163509
DIST,2026-01-20,,62.0,60.5,61.9,2029261
DIST,2026-01-21,,62.0,61.4,61.7,224383
DIST,2026-01-22,,62.0,61.0,61.8,516058
DIST,2026-01-23,,61.9,60.2,61.4,681604
DIST,2026-01-26,,61.9,60.5,60.9,40954
DIST,2026-01-27,,61.0,60.4,61.0,28068
DIST,2026-01-28,,61.0,60.2,60.7,31687
DIST,2026-01-29,,61.0,60.5,60.8,21193
DIST,2026-01-30,,61.0,60.0,60.1,68465
DIST,2026-02-02,,60.4,59.8,60.0,132121
DIST,2026-02-03,,60.5,59.6,59.9,23594
DIST,2026-02-05,,60.0,59.5,59.7,20549
DIST,2026-02-06,,60.0,59.7,59.7,15576
DIST,2026-02-09,,60.5,59.6,60.0,448511
DIST,2026-02-10,,61.0,59.6,59.9,91226
DIST,2026-02-11,,60.0,58.9,59.0,1446438
DIST,2026-02-12,,59.0,58.4,58.5,40602
DIST,2026-02-13,,59.0,57.9,58.0,126212
DIST,2026-02-16,,58.0,57.0,57.4,688948
DIST,2026-02-17,,61.0,57.4,59.5,1265623
DIST,2026-02-18,,61.0,57.5,58.9,65002
DIST,2026-02-19,,60.0,58.7,59.3,2132506
DIST,2026-02-20,,59.9,58.5,59.0,33682
DIST,2026-02-23,,60.9,59.0,60.0,117656
DIST,2026-02-24,,60.9,59.8,60.0,447406
DIST,2026-02-25,,60.5,58.5,59.8,30087
DIST,2026-02-26,,60.5,59.5,59.5,359465
DIST,2026-02-27,,59.9,59.4,59.7,861143
HHL,2025-09-02,,30.6,30.3,30.4,1453071
HHL,2025-09-03,,30.7,30.4,30.5,4810892
HHL,2025-09-04,,30.7,30.4,30.6,2703878
HHL,2025-09-08,,30.6,30.1,30.3,600455
HHL,2025-09-09,,30.6,30.0,30.0,2343420
HHL,2025-09-10,,30.4,29.9,30.0,758559
HHL,2025-09-11,,30.4,29.7,30.0,1471150
HHL,2025-09-12,,30.3,29.9,30.0,7061699
HHL,2025-09-15,,30.4,29.8,29.9,853027
HHL,2025-09-16,,30.4,29.9,30.3,11459937
HHL,2025-09-17,,31.5,30.3,31.4,11944666
HHL,2025-09-18,,32.1,31.3,31.5,5491358
HHL,2025-09-19,,31.8,31.2,31.3,4253173
HHL,2025-09-22,,31.9,31.3,31.4,1858301
HHL,2025-09-23,,31.9,31.4,31.5,950733
HHL,2025-09-24,,31.8,31.3,31.5,782701
HHL,2025-09-25,,32.9,31.5,32.1,11516268
HHL,2025-09-26,,33.7,32.7,32.9,15211673
HHL,2025-09-29,,33.4,32.9,33.0,2788639
HHL,2025-09-30,,33.1,32.5,32.9,2030670
HHL,2025-10-01,,33.5,32.8,33.5,3885138
HHL,2025-10-02,,33.7,33.2,33.5,4314778
HHL,2025-10-03,,33.8,33.2,33.3,1396592
HHL,2025-10-07,,33.5,32.8,33.1,1083224
HHL,2025-10-08,,33.3,32.5,33.0,2733361
HHL,2025-10-09,,33.5,32.8,32.9,3225705
HHL,2025-10-10,,33.4,32.7,33.1,2807526
HHL,2025-10-13,,33.5,32.9,33.0,1515023
HHL,2025-10-14,,33.4,33.0,33.0,6423434
HHL,2025-10-15,,34.6,33.1,34.1,10632183
HHL,2025-10-16,,35.8,34.2,35.1,48051329
HHL,2025-10-17,,35.9,35.0,35.6,2373016
HHL,2025-10-21,,35.9,35.2,35.4,1384628
HHL,2025-10-22,,35.6,34.9,35.3,3465789
HHL,2025-10-23,,35.4,34.5,34.9,2537297
HHL,2025-10-24,,35.2,34.5,34.8,1110891
HHL,2025-10-27,,35.1,34.1,35.0,3277608
HHL,2025-10-28,,35.1,34.5,34.9,1548021
HHL,2025-10-29,,35.0,34.4,34.7,701101
HHL,2025-10-30,,35.0,34.3,34.9,653231
HHL,2025-10-31,,35.0,34.5,34.8,938753
HHL,2025-11-03,,34.9,34.6,34.7,778574
HHL,2025-11-04,,35.4,34.6,35.1,1753365
HHL,2025-11-06,,36.5,35.4,36.1,8344613
HHL,2025-11-07,,36.5,35.6,36.2,1981732
HHL,2025-11-10,,36.5,35.9,36.0,3736806
HHL,2025-11-11,,36.0,35.3,35.5,1402423
HHL,2025-11-12,,35.9,35.0,35.3,1344434
HHL,2025-11-13,,35.3,34.7,34.9,1976141
HHL,2025-11-14,,35.5,34.1,35.3,11955594
HHL,2025-11-17,,36.0,34.9,35.7,7397069
HHL,2025-11-18,,36.5,35.4,35.6,7779295
HHL,2025-11-19,,35.9,35.1,35.5,2976228
HHL,2025-11-20,,35.5,35.3,35.4,671697
HHL,2025-11-21,,35.7,35.2,35.5,2958300
HHL,2025-11-24,,35.6,35.2,35.3,12293075
HHL,2025-11-25,,35.9,35.2,35.6,937395
HHL,2025-11-26,,35.9,35.5,35.7,7400423
HHL,2025-11-27,,35.8,35.5,35.5,4806966
HHL,2025-11-28,,35.8,35.3,35.8,141588
HHL,2025-12-01,,35.4,34.0,34.9,5150698
HHL,2025-12-02,,35.8,34.6,35.4,459005
HHL,2025-12-03,,35.7,34.7,34.9,7294601
HHL,2025-12-05,,34.7,34.0,34.2,5416770
HHL,2025-12-08,,35.0,34.2,34.8,6093512
HHL,2025-12-09,,35.0,34.7,34.9,2486827
HHL,2025-12-10,,35.4,34.9,35.1,3004289
HHL,2025-12-11,,36.2,35.3,36.0,2177985
HHL,2025-12-12,,36.6,35.8,36.5,1081374
HHL,2025-12-15,,36.7,35.7,36.0,1564087
HHL,2025-12-16,,36.0,35.5,35.6,459494
HHL,2025-12-17,,36.0,35.5,35.5,488971
HHL,2025-12-18,,35.9,35.2,35.3,4541193
HHL,2025-12-19,,35.7,34.7,34.8,15578055
HHL,2025-12-22,,35.7,34.4,34.6,12696310
HHL,2025-12-23,,35.0,34.1,34.4,3989757
HHL,2025-12-24,,35.0,34.2,34.4,824620
HHL,2025-12-26,,35.5,34.3,34.4,1042918
HHL,2025-12-29,,35.5,34.4,34.6,482155
HHL,2025-12-30,,35.0,34.6,34.6,980337
HHL,2025-12-31,,35.3,34.5,34.7,1021553
HHL,2026-01-02,,35.3,34.4,34.9,1269344
HHL,2026-01-05,,35.0,34.7,34.8,945463
HHL,2026-01-06,,35.7,34.5,35.5,2061241
HHL,2026-01-08,,36.0,35.0,35.4,1442806
HHL,2026-01-09,,35.9,34.8,35.0,1431209
HHL,2026-01-12,,35.8,34.8,35.0,959128
HHL,2026-01-13,,35.0,34.5,34.7,2886313
HHL,2026-01-14,,35.0,34.5,35.0,3182495
HHL,2026-01-16,,35.2,34.8,35.0,658773
HHL,2026-01-19,,35.5,34.1,34.6,821849
HHL,2026-01-20,,35.1,34.8,34.8,899786
HHL,2026-01-21,,35.2,34.9,35.1,873547
HHL,2026-01-22,,35.3,35.1,35.3,1718895
HHL,2026-01-23,,35.7,34.9,35.1,4437980
HHL,2026-01-26,,35.5,34.8,34.9,1520023
HHL,2026-01-27,,35.5,34.7,34.7,4328997
HHL,2026-01-28,,35.5,34.7,34.9,967104
HHL,2026-01-29,,35.3,34.7,34.8,12071598
HHL,2026-01-30,,34.9,34.4,34.6,13738144
HHL,2026-02-02,,34.9,34.4,34.5,1469776
HHL,2026-02-03,,34.9,34.4,34.5,550484
HHL,2026-02-05,,34.9,34.2,34.6,11890123
HHL,2026-02-06,,34.9,34.0,34.1,1882965
HHL,2026-02-09,,34.5,34.0,34.2,6431011
HHL,2026-02-10,,34.5,34.0,34.1,873835
HHL,2026-02-11,,34.1,33.8,34.0,778675
HHL,2026-02-12,,34.0,33.7,33.9,458588
HHL,2026-02-13,,34.0,33.8,33.8,1379636
HHL,2026-02-16,,34.1,33.7,33.9,662619
HHL,2026-02-17,,34.1,33.8,34.0,622572
HHL,2026-02-18,,34.0,33.6,33.9,1039625
HHL,2026-02-19,,33.9,33.7,33.8,476475
HHL,2026-02-20,,34.2,33.7,33.8,2196902
HHL,2026-02-23,,34.0,33.7,33.7,336376
HHL,2026-02-24,,34.0,33.6,33.7,1467950
HHL,2026-02-25,,33.8,33.6,33.7,866241
HHL,2026-02-26,,34.0,33.5,33.9,1792148
HHL,2026-02-27,,34.2,33.7,33.8,385788
JKH,2025-09-02,,23.0,22.7,22.8,6841908
JKH,2025-09-03,,22.9,22.7,22.7,8231947
JKH,2025-09-04,,22.9,22.7,22.8,3113454
JKH,2025-09-08,,22.8,22.4,22.4,8414475
JKH,2025-09-09,,22.5,22.0,22.1,8541553
JKH,2025-09-10,,22.3,22.0,22.2,12418684
JKH,2025-09-11,,22.4,21.9,22.0,7827773
JKH,2025-09-12,,22.1,21.9,22.0,6539581
JKH,2025-09-15,,22.0,21.8,22.0,6999235
JKH,2025-09-16,,22.1,21.9,22.1,7205334
JKH,2025-09-17,,22.1,21.9,22.0,10507074
JKH,2025-09-18,,22.6,22.0,22.5,3986643
JKH,2025-09-19,,22.9,22.6,22.8,13915399
JKH,2025-09-22,,23.5,22.9,23.4,21736179
JKH,2025-09-23,,23.4,22.9,23.0,4791189
JKH,2025-09-24,,23.0,22.3,22.4,9437076
JKH,2025-09-25,,22.5,22.1,22.2,13830968
JKH,2025-09-26,,22.2,22.0,22.1,12362020
JKH,2025-09-29,,22.4,22.1,22.3,3277834
JKH,2025-09-30,,22.5,22.1,22.2,5954525
JKH,2025-10-01,,22.4,22.1,22.3,3121223
JKH,2025-10-02,,22.4,22.0,22.1,3500428
JKH,2025-10-03,,22.2,21.9,22.0,12495339
JKH,2025-10-07,,21.9,21.6,21.7,9561616
JKH,2025-10-08,,21.7,21.3,21.5,15397599
JKH,2025-10-09,,21.5,20.9,20.9,21031818
JKH,2025-10-10,,21.9,20.9,21.8,13556997
JKH,2025-10-13,,21.9,21.6,21.7,3428717
JKH,2025-10-14,,21.8,21.4,21.7,5827821
JKH,2025-10-15,,21.7,21.5,21.5,5292112
JKH,2025-10-16,,21.6,21.4,21.5,3356267
JKH,2025-10-17,,21.8,21.6,21.8,7569387
JKH,2025-10-21,,21.9,21.5,21.6,4981572
JKH,2025-10-22,,21.9,21.3,21.4,7263886
JKH,2025-10-23,,21.7,,21.3,6169523
JKH,2025-10-24,,21.5,21.2,21.4,10153323
JKH,2025-10-27,,21.5,21.2,21.3,15038440
JKH,2025-10-28,,21.4,20.8,20.9,14521393
JKH,2025-10-29,,21.0,20.7,20.8,12447321
JKH,2025-10-30,,21.0,20.5,20.7,37458584
JKH,2025-10-31,,21.1,20.6,21.1,8937730
JKH,2025-11-03,,21.5,21.1,21.4,8889347
JKH,2025-11-04,,21.5,21.2,21.4,6404475
JKH,2025-11-06,,21.9,21.6,21.8,19723740
JKH,2025-11-07,,22.2,21.5,22.0,15438363
JKH,2025-11-10,,22.4,22.1,22.3,10542601
JKH,2025-11-11,,22.5,22.1,22.4,10861997
JKH,2025-11-12,,23.0,22.5,22.9,19465544
JKH,2025-11-13,,23.0,22.3,22.4,9599450
JKH,2025-11-14,,22.6,22.1,22.5,3352156
JKH,2025-11-17,,22.7,22.2,22.5,1633702
JKH,2025-11-18,,22.9,22.5,22.6,9466493
JKH,2025-11-19,,22.8,22.2,22.7,9257927
JKH,2025-11-20,,22.9,22.7,22.9,14973604
JKH,2025-11-21,,22.9,22.7,22.9,6438674
JKH,2025-11-24,,22.9,22.4,22.6,13417296
JKH,2025-11-25,,22.6,22.3,22.4,14918731
JKH,2025-11-26,,22.5,22.3,22.4,1408754
JKH,2025-11-27,,22.4,22.2,22.3,4213431
JKH,2025-11-28,,22.2,22.0,22.1,12873832
JKH,2025-12-01,,22.0,21.6,21.8,8277710
JKH,2025-12-02,,21.9,21.6,21.8,7335546
JKH,2025-12-03,,21.9,21.4,21.5,16828335
JKH,2025-12-05,,21.7,20.8,21.0,11594013
JKH,2025-12-08,,21.3,20.7,20.8,2687108
JKH,2025-12-09,,21.1,20.7,21.0,3550852
JKH,2025-12-10,,21.2,20.8,20.9,32001803
JKH,2025-12-11,,21.2,20.8,21.0,31846948
JKH,2025-12-12,,21.5,21.0,21.2,6155799
JKH,2025-12-15,,21.4,21.0,21.1,3086559
JKH,2025-12-16,,21.2,20.9,21.1,1643733
JKH,2025-12-17,,21.3,21.0,21.0,6201280
JKH,2025-12-18,,21.3,20.9,21.2,2474205
JKH,2025-12-19,,21.3,21.0,21.1,6286241
JKH,2025-12-22,,21.3,20.9,20.9,7249134
JKH,2025-12-23,,21.1,20.9,21.0,9172477
JKH,2025-12-24,,21.2,20.8,21.0,79503435
JKH,2025-12-26,,21.2,21.0,21.1,1214105
JKH,2025-12-29,,21.1,20.8,20.9,11418843
JKH,2025-12-30,,21.2,20.9,21.1,5354003
JKH,2025-12-31,,21.9,21.0,21.7,3574843
JKH,2026-01-02,,21.9,21.3,21.5,1616287
JKH,2026-01-05,,21.9,21.4,21.6,3714528
JKH,2026-01-06,,22.2,21.6,22.1,8171638
JKH,2026-01-08,,22.7,22.2,22.4,4692341
JKH,2026-01-09,,22.8,22.4,22.8,6400248
JKH,2026-01-12,,23.1,22.7,22.9,17107803
JKH,2026-01-13,,22.9,21.9,22.4,1659201
JKH,2026-01-14,,22.7,22.1,22.5,5181040
JKH,2026-01-16,,22.7,22.1,22.3,1481041
JKH,2026-01-19,,22.4,22.0,22.3,4258346
JKH,2026-01-20,,22.4,22.0,22.0,1926258
JKH,2026-01-21,,22.1,21.8,22.0,5037279
JKH,2026-01-22,,22.1,21.9,22.0,3842745
JKH,2026-01-23,,22.2,22.0,22.0,2419652
JKH,2026-01-26,,22.2,22.0,22.1,1990624
JKH,2026-01-27,,22.8,22.1,22.6,13873506
JKH,2026-01-28,,23.4,22.7,22.9,34209873
JKH,2026-01-29,,23.2,22.5,22.7,2824707
JKH,2026-01-30,,22.8,22.6,22.7,2089194
JKH,2026-02-02,,22.7,22.4,22.5,3746162
JKH,2026-02-03,,22.6,22.4,22.4,5307636
JKH,2026-02-05,,22.9,22.4,22.7,194438533
JKH,2026-02-06,,22.9,22.6,22.7,7863724
JKH,2026-02-09,,22.7,22.1,22.2,3893129
JKH,2026-02-10,,22.6,22.1,22.4,2847760
JKH,2026-02-11,,22.7,22.3,22.5,2954469
JKH,2026-02-12,,22.6,22.3,22.3,1914041
JKH,2026-02-13,,22.4,22.1,22.1,1647892
JKH,2026-02-16,,22.4,22.0,22.3,6223901
JKH,2026-02-17,,22.5,22.3,22.4,5291460
JKH,2026-02-18,,22.6,22.5,22.6,6094853
JKH,2026-02-19,,23.1,22.6,22.8,13271633
JKH,2026-02-20,,22.9,22.5,22.7,1846182
JKH,2026-02-23,,22.8,22.5,22.6,1133031
JKH,2026-02-24,,22.7,22.1,22.1,5188751
JKH,2026-02-25,,22.5,22.1,22.3,1830781
JKH,2026-02-26,,22.9,22.6,22.8,10383848
JKH,2026-02-27,,22.8,22.0,22.1,9044860
LOLC,2025-09-02,,564.0,560.0,560.0,82265
LOLC,2025-09-03,,563.0,560.0,560.5,127947
LOLC,2025-09-04,,568.0,560.0,560.0,118280
LOLC,2025-09-08,,569.5,559.0,561.0,209336
LOLC,2025-09-09,,564.25,560.0,560.25,381861
LOLC,2025-09-10,,579.75,560.0,564.25,108326
LOLC,2025-09-11,,575.0,561.0,562.25,25897
LOLC,2025-09-12,,564.0,560.5,561.0,220946
LOLC,2025-09-15,,564.0,560.0,560.0,97153
LOLC,2025-09-16,,568.75,560.5,567.25,31273
LOLC,2025-09-17,,567.5,561.0,561.75,38948
LOLC,2025-09-18,,567.5,560.5,561.0,146780
LOLC,2025-09-19,,575.0,561.0,563.75,418530
LOLC,2025-09-22,,569.0,562.0,564.75,50919
LOLC,2025-09-23,,589.75,561.0,582.25,825422
LOLC,2025-09-24,,589.5,572.0,582.25,37586
LOLC,2025-09-25,,580.0,573.0,574.5,12433
LOLC,2025-09-26,,578.75,570.0,572.5,252921
LOLC,2025-09-29,,572.0,565.0,568.0,32140
LOLC,2025-09-30,,570.0,562.0,567.75,20167
LOLC,2025-10-01,,570.0,562.75,565.5,17049
LOLC,2025-10-02,,565.5,563.0,564.5,21392
LOLC,2025-10-03,,569.25,558.0,560.5,174588
LOLC,2025-10-07,,568.25,561.0,561.5,193510
LOLC,2025-10-08,,566.75,558.0,561.0,131920
LOLC,2025-10-09,,572.5,560.25,566.25,602285
LOLC,2025-10-10,,572.0,562.0,569.75,554927
LOLC,2025-10-13,,570.0,562.0,562.25,168241
LOLC,2025-10-14,,570.0,562.25,564.5,11045
LOLC,2025-10-15,,570.0,560.0,560.0,24602
LOLC,2025-10-16,,569.5,558.0,567.5,26037
LOLC,2025-10-17,,580.0,560.0,560.5,45673
LOLC,2025-10-21,,570.0,560.5,561.0,93601
LOLC,2025-10-22,,565.0,560.25,561.0,22786
LOLC,2025-10-23,,579.5,557.0,566.5,167162
LOLC,2025-10-24,,594.5,570.0,584.0,220860
LOLC,2025-10-27,,583.75,575.0,576.75,14137
LOLC,2025-10-28,,576.0,562.0,565.25,22974
LOLC,2025-10-29,,567.0,562.0,562.5,10554
LOLC,2025-10-30,,566.0,550.0,560.0,16673
LOLC,2025-10-31,,565.0,554.0,559.25,33526
LOLC,2025-11-03,,565.0,558.0,558.25,30428
LOLC,2025-11-04,,561.0,556.0,560.25,9918
LOLC,2025-11-06,,565.0,554.0,555.5,41000
LOLC,2025-11-07,,560.0,554.0,555.0,29878
LOLC,2025-11-10,,560.0,554.0,555.25,54231
LOLC,2025-11-11,,561.0,540.0,555.25,258716
LOLC,2025-11-12,,560.0,552.0,558.25,274906
LOLC,2025-11-13,,560.0,550.0,552.0,107961
LOLC,2025-11-14,,570.0,554.0,556.0,53386
LOLC,2025-11-17,,566.75,555.0,557.25,90044
LOLC,2025-11-18,,560.0,554.0,556.25,99416
LOLC,2025-11-19,,559.0,549.0,553.25,38822
LOLC,2025-11-20,,556.0,550.0,550.0,41168
LOLC,2025-11-21,,558.0,549.5,550.25,35124
LOLC,2025-11-24,,558.0,545.0,550.0,135285
LOLC,2025-11-25,,554.75,550.0,553.5,31861
LOLC,2025-11-26,,553.0,550.5,550.5,16414
LOLC,2025-11-27,,552.5,548.75,550.0,239168
LOLC,2025-11-28,,559.5,550.0,557.5,25397
LOLC,2025-12-01,,554.0,540.0,550.0,149729
LOLC,2025-12-02,,555.0,550.0,553.75,27579
LOLC,2025-12-03,,555.0,548.0,548.0,119430
LOLC,2025-12-05,,550.0,539.0,540.5,174296
LOLC,2025-12-08,,553.0,540.0,542.0,15573
LOLC,2025-12-09,,550.0,539.75,540.25,70310
LOLC,2025-12-10,,554.5,540.5,548.25,29520
LOLC,2025-12-11,,550.0,540.0,549.5,87199
LOLC,2025-12-12,,554.5,547.75,548.75,8671
LOLC,2025-12-15,,553.75,543.75,551.25,76557
LOLC,2025-12-16,,556.75,545.25,555.75,53691
LOLC,2025-12-17,,580.0,554.25,576.25,219633
LOLC,2025-12-18,,584.5,574.0,575.25,105066
LOLC,2025-12-19,,579.75,560.0,570.0,23061
LOLC,2025-12-22,,574.5,560.25,565.0,23040
LOLC,2025-12-23,,570.0,556.0,559.5,34063
LOLC,2025-12-24,,570.0,556.25,561.0,4301
LOLC,2025-12-26,,569.0,556.25,560.25,13752
LOLC,2025-12-29,,569.5,555.25,559.75,71589
LOLC,2025-12-30,,565.0,556.75,561.75,7925
LOLC,2025-12-31,,568.75,555.5,560.0,50529
LOLC,2026-01-02,,568.75,555.0,557.25,9203
LOLC,2026-01-05,,570.0,556.25,568.0,11513
LOLC,2026-01-06,,576.75,560.0,567.0,75423
LOLC,2026-01-08,,576.75,565.75,566.5,23776
LOLC,2026-01-09,,580.0,563.25,574.75,2651279
LOLC,2026-01-12,,587.75,573.0,575.25,292138
LOLC,2026-01-13,,575.5,572.0,573.25,147744
LOLC,2026-01-14,,577.25,570.25,571.0,125410
LOLC,2026-01-16,,574.0,568.0,569.5,122663
LOLC,2026-01-19,,573.5,565.25,566.5,93507
LOLC,2026-01-20,,567.0,555.25,565.0,74596
LOLC,2026-01-21,,569.0,556.25,558.75,13026
LOLC,2026-01-22,,569.0,560.0,564.75,43939
LOLC,2026-01-23,,600.0,562.75,599.5,2131017
LOLC,2026-01-26,,640.0,605.0,617.75,810534
LOLC,2026-01-27,,620.0,610.0,614.25,449113
LOLC,2026-01-28,,618.5,611.5,615.0,884936
LOLC,2026-01-29,,618.75,610.0,613.75,140202
LOLC,2026-01-30,,614.0,606.0,609.0,134294
LOLC,2026-02-02,,609.5,595.0,602.0,58395
LOLC,2026-02-03,,610.0,600.0,604.5,136523
LOLC,2026-02-05,,605.75,600.0,600.5,44117
LOLC,2026-02-06,,604.0,594.25,599.5,76430
LOLC,2026-02-09,,599.75,593.0,595.0,19598
LOLC,2026-02-10,,599.25,586.0,590.0,62966
LOLC,2026-02-11,,592.0,585.0,586.25,29376
LOLC,2026-02-12,,589.0,578.0,585.75,29724
LOLC,2026-02-13,,582.5,577.0,580.0,32889
LOLC,2026-02-16,,590.0,575.25,580.0,31009
LOLC,2026-02-17,,585.0,576.75,579.25,10079
LOLC,2026-02-18,,587.75,578.0,581.5,22606
LOLC,2026-02-19,,587.75,575.0,576.75,50592
LOLC,2026-02-20,,579.0,570.25,571.5,25151
LOLC,2026-02-23,,574.0,566.0,569.75,137155
LOLC,2026-02-24,,575.0,569.0,570.25,13608
LOLC,2026-02-25,,574.0,561.0,573.5,5909
LOLC,2026-02-26,,575.0,565.0,573.5,235686
LOLC,2026-02-27,,580.0,568.25,580.0,597908
NTB,2025-09-02,,270.0,265.0,266.25,23936
NTB,2025-09-03,,267.5,263.0,265.25,70285
NTB,2025-09-04,,269.75,263.0,267.5,68298
NTB,2025-09-08,,267.5,263.0,265.25,125402
NTB,2025-09-09,,265.5,262.0,263.25,472222
NTB,2025-09-10,,264.25,260.0,263.5,301724
NTB,2025-09-11,,264.75,262.0,262.25,59531
NTB,2025-09-12,,271.0,263.5,268.0,193076
NTB,2025-09-15,,268.0,262.0,263.5,300057
NTB,2025-09-16,,270.0,263.25,269.25,323461
NTB,2025-09-17,,280.0,268.0,278.5,390628
NTB,2025-09-18,,300.0,280.0,298.75,453571
NTB,2025-09-19,,299.0,291.75,297.25,234045
NTB,2025-09-22,,310.0,299.5,309.25,526068
NTB,2025-09-23,,312.0,308.0,311.75,719107
NTB,2025-09-24,,318.0,312.5,315.0,668982
NTB,2025-09-25,,324.0,305.0,309.5,2120972
NTB,2025-09-26,,314.0,298.0,307.5,295066
NTB,2025-09-29,,312.0,308.5,310.25,124600
NTB,2025-09-30,,312.5,307.0,310.25,88305
NTB,2025-10-01,,311.75,306.0,309.5,59532
NTB,2025-10-02,,311.5,307.0,309.75,54644
NTB,2025-10-03,,310.75,307.0,310.25,69973
NTB,2025-10-07,,311.0,306.0,309.75,166510
NTB,2025-10-08,,309.75,304.5,306.75,119506
NTB,2025-10-09,,303.5,297.0,298.75,545150
NTB,2025-10-10,,301.25,298.0,299.75,143800
NTB,2025-10-13,,302.0,297.0,298.5,181827
NTB,2025-10-14,,302.0,298.0,299.0,182467
NTB,2025-10-15,,300.0,297.5,298.5,109272
NTB,2025-10-16,,300.5,299.0,299.75,296328
NTB,2025-10-17,,300.0,298.75,299.0,29599
NTB,2025-10-21,,302.5,299.25,301.75,53352
NTB,2025-10-22,,302.5,298.25,300.0,50501
NTB,2025-10-23,,300.0,297.75,298.0,310234
NTB,2025-10-24,,299.75,297.75,298.0,69736
NTB,2025-10-27,,300.0,297.0,299.75,30875
NTB,2025-10-28,,300.0,295.0,296.5,49496
NTB,2025-10-29,,299.75,295.5,295.75,16436
NTB,2025-10-30,,295.0,290.25,291.5,201790
NTB,2025-10-31,,293.0,289.0,290.0,252087
NTB,2025-11-03,,294.0,288.5,290.0,116938
NTB,2025-11-04,,290.5,288.0,289.25,18875
NTB,2025-11-06,,308.0,289.75,302.75,1030760
NTB,2025-11-07,,309.75,305.0,308.0,86505
NTB,2025-11-10,,308.75,306.0,306.5,74837
NTB,2025-11-11,,308.0,303.0,305.5,37439
NTB,2025-11-12,,308.25,306.0,307.5,128202
NTB,2025-11-13,,308.75,303.5,307.0,219806
NTB,2025-11-14,,310.0,300.0,307.5,281448
NTB,2025-11-17,,312.0,307.5,310.5,165582
NTB,2025-11-18,,310.0,306.0,307.0,94009
NTB,2025-11-19,,309.0,303.0,307.75,82258
NTB,2025-11-20,,308.0,305.0,307.25,15105
NTB,2025-11-21,,308.5,305.0,306.0,59879
NTB,2025-11-24,,306.0,301.0,302.5,106270
NTB,2025-11-25,,304.0,301.0,302.75,17671
NTB,2025-11-26,,304.0,300.5,303.0,358998
NTB,2025-11-27,,303.25,301.75,302.0,48589
NTB,2025-11-28,,303.0,301.0,302.0,49448
NTB,2025-12-01,,299.0,265.0,293.25,227831
NTB,2025-12-02,,301.0,290.0,298.0,36501
NTB,2025-12-03,,301.0,290.0,295.0,44879
NTB,2025-12-05,,295.0,280.0,290.0,22906
NTB,2025-12-08,,296.5,290.0,293.75,19382
NTB,2025-12-09,,298.0,289.5,296.25,24970
NTB,2025-12-10,,305.0,,303.25,377231
NTB,2025-12-11,,303.0,300.0,300.75,51787
NTB,2025-12-12,,303.0,300.5,302.0,13915
NTB,2025-12-15,,301.0,296.0,296.25,21112
NTB,2025-12-16,,301.0,292.25,294.0,124629
NTB,2025-12-17,,302.0,293.75,294.75,24244
NTB,2025-12-18,,299.25,293.25,295.0,19430
NTB,2025-12-19,,298.0,294.5,296.0,28661
NTB,2025-12-22,,302.75,,300.0,142971
NTB,2025-12-23,,304.0,296.75,301.75,47247
NTB,2025-12-24,,304.0,300.0,303.25,48978
NTB,2025-12-26,,306.0,303.0,304.25,19496
NTB,2025-12-29,,308.0,,307.5,72671
NTB,2025-12-30,,312.5,306.0,312.0,142638
NTB,2025-12-31,,314.75,311.0,313.0,85621
NTB,2026-01-02,,315.0,313.0,314.0,68755
NTB,2026-01-05,,314.0,311.0,312.0,49827
NTB,2026-01-06,,312.5,310.25,312.0,41307
NTB,2026-01-08,,318.75,312.5,318.0,201544
NTB,2026-01-09,,328.5,318.0,325.25,351863
NTB,2026-01-12,,333.5,327.0,331.5,154023
NTB,2026-01-13,,339.0,331.25,337.5,139838
NTB,2026-01-14,,356.0,338.75,351.75,432212
NTB,2026-01-16,,351.0,347.0,350.0,107388
NTB,2026-01-19,,350.25,340.0,342.75,36797
NTB,2026-01-20,,349.0,335.0,348.0,53277
NTB,2026-01-21,,348.0,342.75,345.25,33580
NTB,2026-01-22,,349.25,342.5,345.0,76105
NTB,2026-01-23,,349.0,344.0,346.5,117136
NTB,2026-01-26,,349.5,346.0,349.0,73302
NTB,2026-01-27,,349.0,346.0,348.75,107578
NTB,2026-01-28,,349.75,344.75,345.0,68185
NTB,2026-01-29,,348.5,342.75,343.0,22002
NTB,2026-01-30,,344.25,342.5,343.75,5917
NTB,2026-02-02,,343.5,336.25,341.5,44931
NTB,2026-02-03,,344.0,341.5,343.0,10889
NTB,2026-02-05,,344.5,340.25,340.5,4459
NTB,2026-02-06,,344.0,333.25,342.5,31150
NTB,2026-02-09,,346.0,336.5,341.25,27237
NTB,2026-02-10,,347.75,343.0,343.25,14693
NTB,2026-02-11,,343.25,337.0,340.0,37831
NTB,2026-02-12,,340.0,336.0,339.25,28587
NTB,2026-02-13,,340.0,336.0,337.75,48680
NTB,2026-02-16,,341.0,337.5,340.0,70541
NTB,2026-02-17,,341.0,339.0,340.0,92445
NTB,2026-02-18,,348.75,339.0,343.0,18681
NTB,2026-02-19,,345.0,339.0,339.75,190196
NTB,2026-02-20,,347.5,339.75,345.25,167630
NTB,2026-02-23,,347.5,344.0,345.0,28430
NTB,2026-02-24,,347.0,335.0,337.0,79495
NTB,2026-02-25,,340.0,333.5,335.0,106845
NTB,2026-02-26,,335.0,329.0,332.5,38511
NTB,2026-02-27,,334.0,329.5,330.25,233542
SAMP,2025-09-02,,146.25,144.0,144.5,312380
SAMP,2025-09-03,,145.5,144.0,144.25,234215
SAMP,2025-09-04,,145.5,144.0,144.5,145257
SAMP,2025-09-08,,144.75,141.5,143.5,502229
SAMP,2025-09-09,,143.5,141.25,142.0,808995
SAMP,2025-09-10,,142.0,140.0,140.75,1605382
SAMP,2025-09-11,,142.0,140.25,140.75,1748123
SAMP,2025-09-12,,142.0,139.75,140.0,2756411
SAMP,2025-09-15,,140.0,136.5,137.0,825489
SAMP,2025-09-16,,140.0,137.0,139.75,818966
SAMP,2025-09-17,,141.0,139.5,140.0,598837
SAMP,2025-09-18,,141.0,140.0,140.75,1127444
SAMP,2025-09-19,,142.0,140.5,141.0,595398
SAMP,2025-09-22,,144.75,140.75,141.0,844642
SAMP,2025-09-23,,142.0,140.5,141.0,1117560
SAMP,2025-09-24,,143.0,141.25,142.0,303350
SAMP,2025-09-25,,146.5,142.0,146.25,782939
SAMP,2025-09-26,,146.75,145.0,145.75,369797
SAMP,2025-09-29,,146.0,144.0,144.75,304191
SAMP,2025-09-30,,146.0,144.0,145.25,330022
SAMP,2025-10-01,,146.25,145.0,146.0,290185
SAMP,2025-10-02,,146.75,145.5,146.0,409221
SAMP,2025-10-03,,149.0,146.25,148.25,336118
SAMP,2025-10-07,,150.0,147.75,149.75,1452941
SAMP,2025-10-08,,150.0,147.75,148.25,461277
SAMP,2025-10-09,,149.5,148.0,149.0,516142
SAMP,2025-10-10,,150.0,148.5,149.75,654601
SAMP,2025-10-13,,150.0,149.0,149.5,810948
SAMP,2025-10-14,,149.5,148.0,148.25,169349
SAMP,2025-10-15,,149.0,145.0,146.25,400711
SAMP,2025-10-16,,148.5,146.5,147.75,358909
SAMP,2025-10-17,,149.25,147.75,148.5,495649
SAMP,2025-10-21,,149.25,148.0,148.5,438625
SAMP,2025-10-22,,150.0,148.5,149.5,761877
SAMP,2025-10-23,,150.0,149.0,149.5,828340
SAMP,2025-10-24,,150.0,148.0,148.25,311413
SAMP,2025-10-27,,149.5,147.5,148.0,347467
SAMP,2025-10-28,,148.5,144.0,146.0,473709
SAMP,2025-10-29,,148.0,145.75,146.75,1170323
SAMP,2025-10-30,,148.0,146.5,147.0,514634
SAMP,2025-10-31,,147.0,146.25,147.0,173489
SAMP,2025-11-03,,148.0,146.5,147.0,325549
SAMP,2025-11-04,,147.0,146.0,146.5,382155
SAMP,2025-11-06,,149.0,146.75,148.0,494966
SAMP,2025-11-07,,152.0,148.5,150.0,2009371
SAMP,2025-11-10,,156.5,152.0,155.75,1246828
SAMP,2025-11-11,,156.75,154.75,155.0,1152202
SAMP,2025-11-12,,156.5,154.75,155.5,451702
SAMP,2025-11-13,,154.5,149.5,150.25,1286119
SAMP,2025-11-14,,150.5,147.0,148.0,1273730
SAMP,2025-11-17,,148.0,146.5,146.75,705119
SAMP,2025-11-18,,147.5,146.25,146.5,688146
SAMP,2025-11-19,,147.0,146.0,146.5,853086
SAMP,2025-11-20,,149.0,146.5,148.75,493681
SAMP,2025-11-21,,150.0,148.0,148.75,385820
SAMP,2025-11-24,,149.0,146.0,146.75,896897
SAMP,2025-11-25,,148.0,146.0,147.5,774515
SAMP,2025-11-26,,148.5,145.75,147.5,652576
SAMP,2025-11-27,,148.0,145.5,146.0,265491
SAMP,2025-11-28,,146.5,144.0,145.75,421043
SAMP,2025-12-01,,142.5,135.0,140.0,1768025
SAMP,2025-12-02,,145.75,139.75,143.0,591342
SAMP,2025-12-03,,144.5,140.0,141.0,474152
SAMP,2025-12-05,,143.0,136.75,137.25,1096659
SAMP,2025-12-08,,140.0,137.75,138.25,746190
SAMP,2025-12-09,,141.5,137.5,140.5,540983
SAMP,2025-12-10,,146.5,141.75,143.0,600920
SAMP,2025-12-11,,143.5,141.0,141.75,481349
SAMP,2025-12-12,,142.75,140.5,141.25,355274
SAMP,2025-12-15,,144.0,140.25,140.75,211968
SAMP,2025-12-16,,142.5,140.0,142.25,285598
SAMP,2025-12-17,,143.75,141.0,142.0,227534
SAMP,2025-12-18,,143.0,141.5,142.0,116111
SAMP,2025-12-19,,142.75,141.5,142.0,203900
SAMP,2025-12-22,,143.75,140.75,141.0,487595
SAMP,2025-12-23,,143.0,140.75,141.75,640914
SAMP,2025-12-24,,143.0,141.75,142.75,341264
SAMP,2025-12-26,,143.75,142.0,143.25,302134
SAMP,2025-12-29,,144.25,,143.5,498322
SAMP,2025-12-30,,146.0,143.75,145.0,473825
SAMP,2025-12-31,,147.0,145.75,146.5,647508
SAMP,2026-01-02,,148.0,147.0,147.5,567023
SAMP,2026-01-05,,149.5,147.5,148.5,749617
SAMP,2026-01-06,,152.0,148.75,151.25,2345854
SAMP,2026-01-08,,156.5,152.5,154.0,903158
SAMP,2026-01-09,,155.5,154.25,154.75,3390841
SAMP,2026-01-12,,155.0,153.0,154.0,934661
SAMP,2026-01-13,,156.0,153.5,155.0,892074
SAMP,2026-01-14,,156.0,154.5,155.25,2674340
SAMP,2026-01-16,,156.25,155.25,155.75,1002610
SAMP,2026-01-19,,156.0,154.25,155.0,452875
SAMP,2026-01-20,,155.5,154.25,155.25,498005
SAMP,2026-01-21,,157.25,155.0,157.0,1058653
SAMP,2026-01-22,,157.25,156.5,157.0,425590
SAMP,2026-01-23,,157.0,156.5,156.75,707677
SAMP,2026-01-26,,157.0,155.0,155.75,507560
SAMP,2026-01-27,,156.5,154.75,155.75,611044
SAMP,2026-01-28,,156.0,155.0,155.0,1012723
SAMP,2026-01-29,,156.0,155.0,155.25,1680599
SAMP,2026-01-30,,156.0,155.0,155.25,1165542
SAMP,2026-02-02,,156.0,154.75,155.0,224742
SAMP,2026-02-03,,155.0,154.25,154.5,826601
SAMP,2026-02-05,,156.0,155.0,155.75,1051012
SAMP,2026-02-06,,156.0,155.25,156.0,1223197
SAMP,2026-02-09,,156.0,155.5,156.0,751943
SAMP,2026-02-10,,156.0,155.5,155.75,415732
SAMP,2026-02-11,,156.0,155.5,156.0,383302
SAMP,2026-02-12,,156.0,155.5,156.0,668885
SAMP,2026-02-13,,156.0,155.0,155.75,2859717
SAMP,2026-02-16,,161.75,155.75,160.0,1802482
SAMP,2026-02-17,,160.25,159.0,159.5,709747
SAMP,2026-02-18,,165.0,159.25,164.0,1615618
SAMP,2026-02-19,,166.0,161.75,162.25,489650
SAMP,2026-02-20,,167.0,160.25,163.25,1885324
SAMP,2026-02-23,,165.0,162.5,163.0,506226
SAMP,2026-02-24,,163.25,161.5,162.0,518483
SAMP,2026-02-25,,162.0,160.25,160.75,812753
SAMP,2026-02-26,,161.5,160.5,160.5,1740591
SAMP,2026-02-27,,161.0,160.0,160.75,2506248
TKYO,2025-09-02,,89.7,88.0,88.4,101991
TKYO,2025-09-03,,88.9,87.7,88.0,484617
TKYO,2025-09-04,,88.8,88.0,88.6,369509
TKYO,2025-09-08,,88.6,86.5,86.6,623108
TKYO,2025-09-09,,86.9,85.5,86.0,138999
TKYO,2025-09-10,,86.4,83.9,84.9,59553
TKYO,2025-09-11,,87.0,84.6,86.0,307964
TKYO,2025-09-12,,86.0,84.3,85.0,294908
TKYO,2025-09-15,,85.0,83.1,83.3,33801
TKYO,2025-09-16,,85.5,83.1,84.0,175839
TKYO,2025-09-17,,85.8,84.3,85.3,69126
TKYO,2025-09-18,,87.5,85.8,86.5,38058
TKYO,2025-09-19,,88.4,86.7,88.1,67163
TKYO,2025-09-22,,89.5,88.3,89.0,64040
TKYO,2025-09-23,,89.2,88.5,89.0,429859
TKYO,2025-09-24,,89.8,89.3,89.5,248190
TKYO,2025-09-25,,89.8,88.1,88.7,21943
TKYO,2025-09-26,,88.7,87.3,87.9,10672
TKYO,2025-09-29,,89.4,87.5,89.0,17210
TKYO,2025-09-30,,90.0,88.0,89.1,170154
TKYO,2025-10-01,,91.5,88.7,90.4,128636
TKYO,2025-10-02,,95.5,89.5,93.7,618811
TKYO,2025-10-03,,94.4,94.0,94.0,455705
TKYO,2025-10-07,,94.8,92.1,94.0,94918
TKYO,2025-10-08,,95.2,91.5,94.1,78697
TKYO,2025-10-09,,94.0,90.6,91.1,388818
TKYO,2025-10-10,,94.0,90.0,91.9,24473
TKYO,2025-10-13,,93.3,90.1,91.8,28724
TKYO,2025-10-14,,92.9,91.0,92.0,56180
TKYO,2025-10-15,,92.9,92.0,92.0,212748
TKYO,2025-10-16,,93.8,91.7,92.7,315453
TKYO,2025-10-17,,93.5,92.0,92.5,1557233
TKYO,2025-10-21,,92.3,90.5,91.2,622930
TKYO,2025-10-22,,92.9,90.0,91.4,646441
TKYO,2025-10-23,,92.1,89.5,89.7,78734
TKYO,2025-10-24,,90.2,89.1,89.5,36839
TKYO,2025-10-27,,89.8,88.5,88.5,95809
TKYO,2025-10-28,,89.0,88.0,88.5,246938
TKYO,2025-10-29,,89.9,88.0,88.1,460761
TKYO,2025-10-30,,89.8,87.5,87.8,17118
TKYO,2025-10-31,,88.5,87.0,87.1,75828
TKYO,2025-11-03,,89.0,86.9,87.0,19286
TKYO,2025-11-04,,89.7,86.6,86.9,66968
TKYO,2025-11-06,,87.3,86.3,86.6,400258
TKYO,2025-11-07,,87.3,86.5,87.0,150443
TKYO,2025-11-10,,92.5,88.0,91.0,285158
TKYO,2025-11-11,,92.1,90.4,91.0,314240
TKYO,2025-11-12,,92.5,91.0,92.4,200252
TKYO,2025-11-13,,92.5,90.8,91.1,1206210
TKYO,2025-11-14,,92.4,90.1,91.5,63959
TKYO,2025-11-17,,92.0,90.7,91.3,1967655
TKYO,2025-11-18,,91.5,90.6,91.0,333187
TKYO,2025-11-19,,90.5,89.0,89.9,367594
TKYO,2025-11-20,,90.0,88.9,89.0,100863
TKYO,2025-11-21,,90.2,89.3,90.0,160342
TKYO,2025-11-24,,90.0,88.5,88.5,288864
TKYO,2025-11-25,,89.9,88.5,89.1,9985
TKYO,2025-11-26,,89.9,89.0,89.6,448998
TKYO,2025-11-27,,91.9,89.6,90.0,24074
TKYO,2025-11-28,,91.7,89.0,91.1,28899
TKYO,2025-12-01,,103.0,91.9,98.0,1681598
TKYO,2025-12-02,,103.5,99.9,101.0,808748
TKYO,2025-12-03,,104.5,98.3,98.9,227669
TKYO,2025-12-05,,103.0,98.9,99.0,641433
TKYO,2025-12-08,,103.0,100.0,102.0,1193155
TKYO,2025-12-09,,105.0,100.0,103.5,1634174
TKYO,2025-12-10,,111.0,105.25,109.0,1852401
TKYO,2025-12-11,,112.0,107.5,109.0,384186
TKYO,2025-12-12,,110.75,108.25,108.75,540466
TKYO,2025-12-15,,110.0,107.0,107.5,96220
TKYO,2025-12-16,,109.0,105.25,106.25,306139
TKYO,2025-12-17,,109.0,106.75,108.25,2245690
TKYO,2025-12-18,,111.5,109.0,111.0,1854565
TKYO,2025-12-19,,113.0,110.0,113.0,1482725
TKYO,2025-12-22,,113.5,111.0,112.0,1741975
TKYO,2025-12-23,,112.75,110.0,112.0,164096
TKYO,2025-12-24,,112.5,111.0,112.25,531814
TKYO,2025-12-26,,113.25,111.75,112.5,329446
TKYO,2025-12-29,,113.0,111.75,112.75,203986
TKYO,2025-12-30,,113.5,111.75,113.0,282648
TKYO,2025-12-31,,114.0,111.5,113.5,706839
TKYO,2026-01-02,,115.75,113.0,115.0,575417
TKYO,2026-01-05,,115.0,114.0,115.0,1053567
TKYO,2026-01-06,,115.0,114.25,114.25,497380
TKYO,2026-01-08,,114.0,112.25,113.25,138110
TKYO,2026-01-09,,114.25,113.0,114.0,124633
TKYO,2026-01-12,,114.5,113.0,113.5,307004
TKYO,2026-01-13,,114.5,112.5,113.5,148303
TKYO,2026-01-14,,113.0,111.5,112.75,1157164
TKYO,2026-01-16,,113.5,112.0,112.75,323787
TKYO,2026-01-19,,112.75,110.75,112.0,719552
TKYO,2026-01-20,,114.75,112.0,114.25,1355536
TKYO,2026-01-21,,117.5,114.5,115.75,364123
TKYO,2026-01-22,,116.0,115.0,115.75,44229
TKYO,2026-01-23,,116.0,113.25,114.25,194033
TKYO,2026-01-26,,114.25,113.0,113.25,89668
TKYO,2026-01-27,,114.0,112.25,112.5,51422
TKYO,2026-01-28,,113.0,110.75,112.0,762987
TKYO,2026-01-29,,113.0,110.0,110.5,471294
TKYO,2026-01-30,,111.25,110.0,110.0,184670
TKYO,2026-02-02,,112.0,110.5,111.5,29714
TKYO,2026-02-03,,112.0,110.5,111.0,658135
TKYO,2026-02-05,,112.0,110.0,110.75,44306
TKYO,2026-02-06,,111.0,109.75,110.75,42797
TKYO,2026-02-09,,110.0,103.0,105.25,371915
TKYO,2026-02-10,,105.75,103.5,105.25,2833573
TKYO,2026-02-11,,108.75,104.25,107.0,80741
TKYO,2026-02-12,,107.0,106.0,106.25,21658
TKYO,2026-02-13,,107.0,104.0,104.5,19800505
TKYO,2026-02-16,,108.75,106.0,107.25,358504
TKYO,2026-02-17,,109.0,105.0,107.0,134976
TKYO,2026-02-18,,108.0,105.75,108.0,31493
TKYO,2026-02-19,,109.25,107.25,107.75,43709
TKYO,2026-02-20,,107.75,106.0,106.0,44181
TKYO,2026-02-23,,110.5,106.5,107.0,37638
TKYO,2026-02-24,,109.5,106.0,106.75,61998
TKYO,2026-02-25,,107.25,106.0,107.0,73474
TKYO,2026-02-26,,108.0,106.75,107.0,80200
TKYO,2026-02-27,,108.0,106.0,106.75,46456
